timestamp,pressure,temperature,altitude
17242.0,1007.22,30.0,49.99
18314.0,1007.2,30.0,50.49
19386.0,1007.17,30.0,50.83
20458.0,1007.24,30.0,50.91
21530.0,1007.13,30.0,50.49
22602.0,1007.16,29.9,50.49
23674.0,1007.21,29.9,50.83
24746.0,1007.19,29.9,50.16
25818.0,1007.19,29.9,50.41
26890.0,1007.27,29.9,50.33
27962.0,1007.2,30.0,49.99
29034.0,1007.25,29.9,50.16
30106.0,1007.2,29.9,49.74
31178.0,1007.21,29.9,50.16
32250.0,1007.23,29.9,49.99
33322.0,1007.23,30.0,50.33
34394.0,1007.14,30.0,50.24
35466.0,1007.23,30.0,50.49
36538.0,1007.23,30.0,49.91
37610.0,1007.22,30.0,50.58
38682.0,1007.19,30.0,50.24
39754.0,1007.18,30.0,50.66
40826.0,1007.18,30.0,49.74
41898.0,1007.2,30.0,50.49
42970.0,1007.22,30.0,49.99
44042.0,1007.2,30.0,50.07
45114.0,1007.2,30.0,50.49
46186.0,1007.2,30.0,49.91
47258.0,1007.14,30.0,50.33
48330.0,1007.29,30.0,50.16
49402.0,1007.26,30.0,49.99
50474.0,1007.13,30.0,50.16
51546.0,1007.25,30.0,49.99
52618.0,1007.23,30.0,49.99
53690.0,1007.22,30.0,50.41
54762.0,1007.21,30.0,51.25
55834.0,1007.26,30.0,50.07
56906.0,1007.18,30.0,50.49
57978.0,1007.23,30.0,50.58
59050.0,1007.2,30.0,49.82
60122.0,1007.22,30.0,50.33
61194.0,1007.22,30.0,50.74
62266.0,1007.19,30.0,49.99
63338.0,1007.22,30.0,50.74
64410.0,1007.2,30.0,50.49
65482.0,1007.2,30.0,50.66
66554.0,1007.21,30.0,50.16
67626.0,1007.14,29.9,50.91
68698.0,1007.28,29.9,50.07
69770.0,1007.23,29.9,50.33
70842.0,1007.2,29.9,49.74
71914.0,1007.25,29.9,49.49
72986.0,1007.26,29.9,50.58
74058.0,1007.23,29.9,50.41
75130.0,1007.2,29.9,50.58
76202.0,1007.23,29.9,50.58
77274.0,1007.25,29.9,50.07
78346.0,1007.23,29.9,49.99
79418.0,1007.22,29.9,50.16
80490.0,1007.24,29.8,49.99
81562.0,1007.15,29.8,50.49
82634.0,1007.24,29.8,50.33
83706.0,1007.19,29.8,50.66
84778.0,1007.2,29.8,49.99
85850.0,1007.24,29.8,50.24
86922.0,1007.15,29.8,50.83
87994.0,1007.2,29.8,50.83
89066.0,1007.26,29.8,50.16
90138.0,1007.29,29.8,49.91
91210.0,1007.22,29.8,49.74
92282.0,1007.27,29.8,49.99
93354.0,1007.22,29.8,49.82
94426.0,1007.2,29.8,49.74
95498.0,1007.25,29.8,49.74
96570.0,1007.24,29.8,49.74
97642.0,1007.26,29.7,50.07
98714.0,1007.25,29.7,50.33
99786.0,1007.25,29.7,50.24
100858.0,1007.24,29.7,49.82
101930.0,1007.28,29.7,50.24
103002.0,1007.24,29.7,49.91
104074.0,1007.25,29.7,50.16
105146.0,1007.24,29.7,49.91
106218.0,1007.23,29.7,50.33
107290.0,1007.3,29.7,50.33
108362.0,1007.25,29.7,50.24
109434.0,1007.22,29.7,49.82
110506.0,1007.21,29.7,49.74
111578.0,1007.29,29.7,50.33
112650.0,1007.23,29.7,50.41
113722.0,1007.34,29.7,50.24
114794.0,1007.27,29.7,49.82
115866.0,1007.2,29.7,49.49
116938.0,1007.31,29.7,49.91
118010.0,1007.22,29.7,50.16
119082.0,1007.25,29.7,50.33
120154.0,1007.3,29.7,50.41
121226.0,1007.31,29.6,49.74
122298.0,1007.3,29.6,49.74
123370.0,1007.23,29.6,49.74
124442.0,1007.27,29.6,49.66
125514.0,1007.28,29.6,50.41
126586.0,1007.23,29.6,49.99
127658.0,1007.25,29.6,49.82
128730.0,1007.25,29.6,50.41
129802.0,1007.27,29.6,50.58
130874.0,1007.27,29.6,49.99
131946.0,1007.28,29.6,50.41
133018.0,1007.31,29.6,49.99
134090.0,1007.26,29.6,50.16
135162.0,1007.24,29.6,50.16
136234.0,1007.23,29.6,50.33
137306.0,1007.35,29.6,50.16
138378.0,1007.22,29.6,49.99
139450.0,1007.3,29.6,50.07
140522.0,1007.21,29.6,49.49
141594.0,1007.32,29.6,49.74
142666.0,1007.3,29.6,49.24
143738.0,1007.3,29.6,49.49
144810.0,1007.3,29.6,50.16
145882.0,1007.23,29.6,49.82
146954.0,1007.28,29.6,49.24
148026.0,1007.3,29.6,49.49
149098.0,1007.29,29.6,49.82
150170.0,1007.23,29.6,49.07
151242.0,1007.26,29.6,49.49
152314.0,1007.2,29.6,49.4
153386.0,1007.18,29.6,49.82
154458.0,1007.28,29.6,49.74
155530.0,1007.25,29.6,49.99
156602.0,1007.3,29.6,49.49
157674.0,1007.27,29.6,50.07
158746.0,1007.28,29.6,50.41
159818.0,1007.27,29.6,49.32
160890.0,1007.27,29.6,50.41
161962.0,1007.32,29.6,49.91
163034.0,1007.3,29.6,49.66
164106.0,1007.26,29.6,49.49
165178.0,1007.18,29.6,50.16
166250.0,1007.24,29.6,49.91
167322.0,1007.28,29.6,49.99
168394.0,1007.29,29.6,49.15
169466.0,1007.31,29.6,49.66
170538.0,1007.24,29.6,49.66
171610.0,1007.28,29.6,49.82
172682.0,1007.25,29.6,50.24
173754.0,1007.25,29.6,50.07
174826.0,1007.28,29.6,49.99
175898.0,1007.29,29.6,49.74
176970.0,1007.27,29.6,49.49
178042.0,1007.34,29.7,49.24
179114.0,1007.24,29.6,50.07
180186.0,1007.25,29.7,49.49
181258.0,1007.24,29.7,49.82
182330.0,1007.3,29.7,49.57
183402.0,1007.27,29.7,49.49
184474.0,1007.28,29.7,49.74
185546.0,1007.26,29.7,49.57
186618.0,1007.25,29.7,50.16
187690.0,1007.2,29.7,49.66
188762.0,1007.34,29.7,49.74
189834.0,1007.29,29.7,49.74
190906.0,1007.29,29.7,49.91
191978.0,1007.28,29.7,49.66
193050.0,1007.27,29.7,49.24
194122.0,1007.27,29.7,49.32
195194.0,1007.31,29.7,50.41
196266.0,1007.34,29.7,49.74
197338.0,1007.31,29.8,49.74
198410.0,1007.31,29.8,49.32
199482.0,1007.31,29.8,49.49
200554.0,1007.29,29.8,49.57
201626.0,1007.25,29.8,50.16
202698.0,1007.22,29.8,49.91
203770.0,1007.26,29.8,50.41
204842.0,1007.26,29.8,50.16
205914.0,1007.31,29.8,50.33
206986.0,1007.22,29.8,49.99
208058.0,1007.24,29.8,49.49
209130.0,1007.28,29.8,49.74
210202.0,1007.27,29.8,50.33
211274.0,1007.29,29.8,50.16
212346.0,1007.26,29.9,49.91
213418.0,1007.33,29.8,49.74
214490.0,1007.27,29.8,49.74
215562.0,1007.34,29.9,50.16
216634.0,1007.27,29.8,49.4
217706.0,1007.26,29.9,49.82
218778.0,1007.3,29.9,49.99
219850.0,1007.32,29.9,49.74
220922.0,1007.28,29.9,49.91
221994.0,1007.27,29.9,50.16
223066.0,1007.3,29.9,50.07
224138.0,1007.28,29.9,49.32
225210.0,1007.23,29.9,50.07
226282.0,1007.3,29.9,49.57
227354.0,1007.21,29.9,49.24
228426.0,1007.27,29.9,49.74
229498.0,1007.27,29.9,50.16
230570.0,1007.28,29.9,50.24
231642.0,1007.28,29.9,50.07
232714.0,1007.22,29.9,50.07
233786.0,1007.27,30.0,49.91
234858.0,1007.27,30.0,49.74
235930.0,1007.22,30.0,49.99
237002.0,1007.2,30.0,50.07
238074.0,1007.21,30.0,49.91
239146.0,1007.19,30.0,50.24
240218.0,1007.27,30.0,50.33
241290.0,1007.21,30.0,50.33
242362.0,1007.22,30.0,50.41
243434.0,1007.24,30.0,50.07
244506.0,1007.26,30.0,50.16
245578.0,1007.27,30.0,49.74
246650.0,1007.25,30.0,50.24
247722.0,1007.21,29.9,50.24
248794.0,1007.25,29.9,50.41
249866.0,1007.27,29.9,49.91
250938.0,1007.27,29.9,50.07
252010.0,1007.26,29.9,50.16
253082.0,1007.25,29.9,50.16
254154.0,1007.28,29.9,49.91
255226.0,1007.26,29.9,49.91
256298.0,1007.28,29.9,50.16
257370.0,1007.27,29.9,50.24
258442.0,1007.27,29.9,50.24
259514.0,1007.22,29.9,49.66
260586.0,1007.19,29.9,49.99
261658.0,1007.19,29.9,50.58
262730.0,1007.26,29.9,50.33
263802.0,1007.26,29.9,50.07
264874.0,1007.19,29.9,50.07
265946.0,1007.23,29.9,50.07
267018.0,1007.23,29.9,49.66
268090.0,1007.18,29.9,50.07
269162.0,1007.25,30.0,49.99
270234.0,1007.16,30.0,49.91
271306.0,1007.28,30.0,49.91
272378.0,1007.25,30.0,50.33
273450.0,1007.22,30.0,50.07
274522.0,1007.25,30.0,50.41
275594.0,1007.21,30.0,50.07
276666.0,1007.28,30.0,50.16
277738.0,1007.28,30.0,50.49
278810.0,1007.23,30.0,49.66
279882.0,1007.2,30.0,50.07
280954.0,1007.23,30.0,49.24
282026.0,1007.18,30.0,49.4
283098.0,1007.19,30.0,49.57
284170.0,1007.21,30.0,49.82
285242.0,1007.29,30.0,49.57
286314.0,1007.27,30.0,49.74
287386.0,1007.34,30.0,49.49
288458.0,1007.27,30.0,49.32
289530.0,1007.3,30.0,49.99
290602.0,1007.28,30.0,49.24
291674.0,1007.37,30.0,49.74
292746.0,1007.29,30.0,49.91
293818.0,1007.32,30.0,49.57
294890.0,1007.34,30.0,49.74
295962.0,1007.3,30.0,48.9
297034.0,1007.36,30.0,49.07
298106.0,1007.33,30.0,50.07
299178.0,1007.25,30.0,50.07
300250.0,1007.28,30.0,49.99
301322.0,1007.23,30.0,49.66
302394.0,1007.3,30.0,49.66
303466.0,1007.28,30.0,49.91
304538.0,1007.28,30.0,49.82
305610.0,1007.3,30.0,49.24
306682.0,1007.29,30.0,49.74
307754.0,1007.24,30.0,49.49
308826.0,1007.33,30.0,49.66
309898.0,1007.2,30.0,49.32
310970.0,1007.32,30.0,49.57
312042.0,1007.25,30.0,49.4
313114.0,1007.3,30.0,49.91
314186.0,1007.35,30.0,49.99
315258.0,1007.24,30.0,49.57
316330.0,1007.27,30.0,49.57
317402.0,1007.28,30.0,49.32
318474.0,1007.22,30.0,50.49
319546.0,1007.32,30.0,49.66
320618.0,1007.35,30.0,49.49
321690.0,1007.3,30.0,49.74
322762.0,1007.24,30.0,50.24
323834.0,1007.25,30.0,49.66
324906.0,1007.24,30.0,48.9
325978.0,1007.19,30.0,49.91
327050.0,1007.32,30.0,49.91
328122.0,1007.22,30.0,49.57
329194.0,1007.28,30.0,49.24
330266.0,1007.27,30.0,49.4
331338.0,1007.3,30.1,49.32
332410.0,1007.24,30.0,49.4
333482.0,1007.29,30.1,48.9
334554.0,1007.27,30.0,49.57
335626.0,1007.28,30.0,49.74
336698.0,1007.34,30.1,49.49
337770.0,1007.29,30.1,49.82
338842.0,1007.27,30.1,49.82
339914.0,1007.3,30.1,49.07
340986.0,1007.36,30.1,49.91
342058.0,1007.31,30.1,49.74
343130.0,1007.31,30.1,49.74
344202.0,1007.3,30.1,49.32
345274.0,1007.33,30.1,49.66
346346.0,1007.31,30.0,49.32
347418.0,1007.27,30.1,49.15
348490.0,1007.3,30.1,50.74
349562.0,1007.26,30.1,49.99
350634.0,1007.26,30.1,50.41
351706.0,1007.22,30.2,49.66
352778.0,1007.28,30.2,50.07
353850.0,1007.19,30.2,49.82
354922.0,1007.27,30.3,50.16
355994.0,1007.24,30.3,49.74
357066.0,1007.26,30.3,49.57
358138.0,1007.3,30.4,49.66
359210.0,1007.27,30.4,49.32
360282.0,1007.3,30.4,50.07
361354.0,1007.28,30.4,49.57
362426.0,1007.36,30.4,49.66
363498.0,1007.27,30.4,49.57
364570.0,1007.3,30.4,50.07
365642.0,1007.26,30.4,50.41
366714.0,1007.19,30.4,50.16
367786.0,1007.29,30.5,49.49
368858.0,1007.29,30.5,50.24
369930.0,1007.21,30.5,50.24
371002.0,1007.23,30.5,50.49
372074.0,1007.26,30.5,49.66
373146.0,1007.27,30.5,50.16
374218.0,1007.2,30.5,50.07
375290.0,1007.2,30.6,50.16
376362.0,1007.22,30.6,50.33
377434.0,1007.26,30.6,50.74
378506.0,1007.21,30.7,50.16
379578.0,1007.21,30.7,50.41
380650.0,1007.2,30.7,50.16
381722.0,1007.21,30.7,49.99
382794.0,1007.27,30.7,50.07
383866.0,1007.28,30.7,49.82
384938.0,1007.25,30.7,50.49
386010.0,1007.26,30.7,49.4
387082.0,1007.31,30.7,49.99
388154.0,1007.28,30.8,49.66
389226.0,1007.25,30.8,50.16
390298.0,1007.21,30.8,49.49
391370.0,1007.26,30.8,49.66
392442.0,1007.22,30.8,50.16
393514.0,1007.22,30.8,50.91
394586.0,1007.24,30.8,50.33
395658.0,1007.25,30.8,49.32
396730.0,1007.29,30.8,49.99
397802.0,1007.29,30.8,49.74
398874.0,1007.25,30.8,49.91
399946.0,1007.23,30.9,49.66
401018.0,1007.28,30.9,50.24
402090.0,1007.26,30.9,50.41
403162.0,1007.27,30.9,50.41
404234.0,1007.24,30.9,50.24
405306.0,1007.26,30.9,50.24
406378.0,1007.21,30.9,50.16
407450.0,1007.21,30.9,49.91
408522.0,1007.22,30.9,49.99
409594.0,1007.23,30.9,49.91
410666.0,1007.23,30.9,50.24
411738.0,1007.23,30.9,50.07
412810.0,1007.24,30.9,50.33
413882.0,1007.28,30.9,50.07
414954.0,1007.16,30.9,50.07
416026.0,1007.25,30.9,50.33
417098.0,1007.23,30.9,50.66
418170.0,1007.19,31.0,49.91
419242.0,1007.26,31.0,49.57
420314.0,1007.29,31.0,49.99
421386.0,1007.27,31.0,49.99
422458.0,1007.3,30.9,50.33
423530.0,1007.17,30.9,49.99
424602.0,1007.18,30.9,49.91
425674.0,1007.23,31.0,50.16
426746.0,1007.2,31.0,50.24
427818.0,1007.25,31.0,49.49
428890.0,1007.26,31.0,50.16
429962.0,1007.2,31.0,49.66
431034.0,1007.26,31.1,49.74
432106.0,1007.22,31.1,49.82
433178.0,1007.28,31.1,50.16
434250.0,1007.23,31.1,50.07
435322.0,1007.27,31.1,49.74
436394.0,1007.31,31.1,49.74
437466.0,1007.25,31.2,49.99
438538.0,1007.22,31.2,50.49
439610.0,1007.18,31.2,50.07
440682.0,1007.2,31.2,49.66
441754.0,1007.21,31.2,50.41
442826.0,1007.31,31.2,50.49
443898.0,1007.2,31.2,50.07
444970.0,1007.27,31.2,49.99
446042.0,1007.24,31.2,50.24
447114.0,1007.19,31.2,50.49
448186.0,1007.33,31.2,50.24
449258.0,1007.21,31.2,50.07
450330.0,1007.21,31.2,50.58
451402.0,1007.21,31.2,49.82
452474.0,1007.19,31.2,49.82
453546.0,1007.26,31.2,50.07
454618.0,1007.21,31.2,50.33
455690.0,1007.23,31.1,50.16
456762.0,1007.34,31.2,49.15
457834.0,1007.27,31.2,49.49
458906.0,1007.23,31.2,50.24
459978.0,1007.26,31.2,50.41
461050.0,1007.23,31.2,50.66
462122.0,1007.23,31.2,50.58
463194.0,1007.23,31.2,50.07
464266.0,1007.23,31.2,49.91
465338.0,1007.21,31.2,49.91
466410.0,1007.15,31.2,50.33
467482.0,1007.24,31.2,50.58
468554.0,1007.22,31.2,50.24
469626.0,1007.24,31.2,49.99
470698.0,1007.22,31.3,50.33
471770.0,1007.17,31.3,50.41
472842.0,1007.25,31.3,50.33
473914.0,1007.23,31.3,50.24
474986.0,1007.28,31.3,50.49
476058.0,1007.25,31.3,49.66
477130.0,1007.21,31.4,49.82
478202.0,1007.22,31.4,50.74
479274.0,1007.21,31.4,50.66
480346.0,1007.25,31.4,50.41
481418.0,1007.22,31.4,49.91
482490.0,1007.17,31.4,51.08
483562.0,1007.19,31.4,50.83
484634.0,1007.16,31.4,50.74
485706.0,1007.1,31.4,50.99
486778.0,1007.08,31.4,50.91
487850.0,1007.1,31.4,50.49
488922.0,1007.13,31.4,50.74
489994.0,1007.2,31.3,50.58
491066.0,1007.26,31.2,50.74
492138.0,1007.18,31.2,50.58
493210.0,1007.19,31.1,50.66
494282.0,1007.2,31.1,50.49
495354.0,1007.22,31.0,50.16
496426.0,1007.24,31.0,50.24
497498.0,1007.31,30.9,50.33
498570.0,1007.21,30.9,50.07
499642.0,1007.13,30.8,51.08
500714.0,1007.2,30.8,50.91
501786.0,1007.17,30.7,50.66
502858.0,1007.19,30.7,50.24
503930.0,1007.17,30.6,49.66
505002.0,1007.13,30.6,50.99
506074.0,1007.22,30.5,50.83
507146.0,1007.15,30.5,51.08
508218.0,1007.18,30.5,50.99
509290.0,1007.06,30.5,50.66
510362.0,1007.2,30.5,50.66
511434.0,1007.18,30.5,50.41
512506.0,1007.2,30.4,50.33
513578.0,1007.22,30.4,50.49
514650.0,1007.22,30.4,49.99
515722.0,1007.25,30.4,50.33
516794.0,1007.19,30.4,50.41
517866.0,1007.28,30.4,49.66
518938.0,1007.26,30.3,50.33
520010.0,1007.23,30.3,50.24
521082.0,1007.3,30.4,50.58
522154.0,1007.16,30.4,50.41
523226.0,1007.21,30.4,49.91
524298.0,1007.23,30.4,49.74
525370.0,1007.17,30.4,50.07
526442.0,1007.28,30.4,50.41
527514.0,1007.21,30.4,50.07
528586.0,1007.17,30.4,50.16
529658.0,1007.29,30.4,50.24
530730.0,1007.29,30.4,50.41
531802.0,1007.23,30.4,49.66
532874.0,1007.2,30.4,50.49
533946.0,1007.23,30.4,50.24
535018.0,1007.28,30.5,49.82
536090.0,1007.23,30.5,50.07
537162.0,1007.25,30.5,50.16
538234.0,1007.2,30.5,50.07
539306.0,1007.18,30.6,50.24
540378.0,1007.17,30.6,50.83
541450.0,1007.28,30.6,49.99
542522.0,1007.29,30.6,49.82
543594.0,1007.3,30.6,49.07
544666.0,1007.35,30.6,49.82
545738.0,1007.28,30.5,49.74
546810.0,1007.38,30.6,49.66
547882.0,1007.32,30.6,49.32
548954.0,1007.24,30.6,50.16
550026.0,1007.28,30.6,49.66
551098.0,1007.29,30.6,49.82
552170.0,1007.33,30.6,49.74
553242.0,1007.29,30.6,49.07
554314.0,1007.3,30.7,49.74
555386.0,1007.3,30.7,49.57
556458.0,1007.31,30.7,49.24
557530.0,1007.29,30.8,49.91
558602.0,1007.33,30.8,49.82
559674.0,1007.38,30.8,49.49
560746.0,1007.38,30.8,48.99
561818.0,1007.3,30.8,49.4
562890.0,1007.34,30.8,49.07
563962.0,1007.28,30.8,49.99
565034.0,1007.41,30.9,49.24
566106.0,1007.4,30.8,48.82
567178.0,1007.38,30.9,48.9
568250.0,1007.38,30.9,49.15
569322.0,1007.42,30.9,48.9
570394.0,1007.38,30.9,49.24
571466.0,1007.34,30.9,48.9
572538.0,1007.42,30.9,48.48
573610.0,1007.47,30.9,48.65
574682.0,1007.4,30.9,49.24
575754.0,1007.32,31.0,48.74
576826.0,1007.38,30.9,48.82
577898.0,1007.37,30.9,48.4
578970.0,1007.33,30.9,49.15
580042.0,1007.33,30.9,49.4
581114.0,1007.38,30.9,49.24
582186.0,1007.4,30.9,49.07
583258.0,1007.4,30.8,49.15
584330.0,1007.39,30.8,48.07
585402.0,1007.39,30.8,49.24
586474.0,1007.4,30.8,48.99
587546.0,1007.32,30.7,48.99
588618.0,1007.31,30.7,48.99
589690.0,1007.37,30.7,49.32
590762.0,1007.3,30.7,49.32
591834.0,1007.34,30.6,49.15
592906.0,1007.3,30.6,49.15
593978.0,1007.31,30.6,49.4
595050.0,1007.37,30.6,49.49
596122.0,1007.35,30.5,49.24
597194.0,1007.41,30.5,48.9
598266.0,1007.31,30.5,49.4
599338.0,1007.34,30.5,48.99
600410.0,1007.33,30.5,48.82
601482.0,1007.42,30.5,49.07
602554.0,1007.37,30.5,49.15
603626.0,1007.37,30.4,48.65
604698.0,1007.39,30.4,48.57
605770.0,1007.4,30.4,49.07
606842.0,1007.42,30.4,48.99
607914.0,1007.36,30.4,48.99
608986.0,1007.37,30.4,48.82
610058.0,1007.3,30.3,48.9
611130.0,1007.37,30.3,49.07
612202.0,1007.39,30.3,48.57
613274.0,1007.36,30.3,48.9
614346.0,1007.33,30.3,49.57
615418.0,1007.32,30.2,48.74
616490.0,1007.29,30.2,49.32
617562.0,1007.44,30.2,48.9
618634.0,1007.38,30.2,48.57
619706.0,1007.38,30.2,48.99
620778.0,1007.4,30.2,48.07
621850.0,1007.4,30.2,48.4
622922.0,1007.38,30.1,48.48
623994.0,1007.39,30.1,48.74
625066.0,1007.41,30.1,49.32
626138.0,1007.4,30.1,49.07
627210.0,1007.39,30.1,48.82
628282.0,1007.43,30.1,49.07
629354.0,1007.37,30.0,48.07
630426.0,1007.37,30.0,48.65
631498.0,1007.39,30.0,48.99
632570.0,1007.39,30.0,48.65
633642.0,1007.4,30.0,49.32
634714.0,1007.36,30.0,48.4
635786.0,1007.45,29.9,48.57
636858.0,1007.4,29.9,48.15
637930.0,1007.4,29.9,48.82
639002.0,1007.38,29.9,48.23
640074.0,1007.43,29.9,48.4
641146.0,1007.46,29.9,48.32
642218.0,1007.43,29.9,48.57
643290.0,1007.37,29.8,49.07
644362.0,1007.45,29.8,48.65
645434.0,1007.45,29.8,48.57
646506.0,1007.41,29.8,48.99
647578.0,1007.4,29.8,48.74
648650.0,1007.42,29.8,48.57
649722.0,1007.4,29.8,48.48
650794.0,1007.46,29.8,48.99
651866.0,1007.43,29.8,48.07
652938.0,1007.45,29.7,48.32
654010.0,1007.4,29.7,48.07
655082.0,1007.48,29.7,48.4
656154.0,1007.45,29.7,48.07
657226.0,1007.44,29.7,48.48
658298.0,1007.53,29.7,47.98
659370.0,1007.48,29.7,48.48
660442.0,1007.48,29.7,48.23
661514.0,1007.52,29.7,47.9
662586.0,1007.48,29.7,48.15
663658.0,1007.44,29.7,47.73
664730.0,1007.52,29.7,48.07
665802.0,1007.45,29.6,47.98
666874.0,1007.49,29.6,47.82
667946.0,1007.55,29.6,48.57
669018.0,1007.41,29.6,48.57
670090.0,1007.48,29.6,47.65
671162.0,1007.48,29.6,48.23
672234.0,1007.46,29.6,47.65
673306.0,1007.48,29.6,47.98
674378.0,1007.52,29.6,47.98
675450.0,1007.45,29.6,48.07
676522.0,1007.5,29.6,47.98
677594.0,1007.44,29.6,47.98
678666.0,1007.36,29.5,47.82
679738.0,1007.44,29.5,48.23
680810.0,1007.51,29.5,48.07
681882.0,1007.46,29.5,48.15
682954.0,1007.46,29.5,47.73
684026.0,1007.42,29.5,48.15
685098.0,1007.46,29.5,47.73
686170.0,1007.46,29.5,48.23
687242.0,1007.5,29.5,47.98
688314.0,1007.49,29.5,48.23
689386.0,1007.48,29.5,48.07
690458.0,1007.48,29.5,48.48
691530.0,1007.48,29.5,48.48
692602.0,1007.46,29.4,48.15
693674.0,1007.45,29.4,47.73
694746.0,1007.49,29.4,47.9
695818.0,1007.44,29.4,47.9
696890.0,1007.51,29.4,48.4
697962.0,1007.53,29.4,47.98
699034.0,1007.47,29.4,47.73
700106.0,1007.48,29.4,48.07
701178.0,1007.55,29.4,48.07
702250.0,1007.49,29.4,48.4
703322.0,1007.46,29.4,47.73
704394.0,1007.48,29.4,47.31
705466.0,1007.48,29.4,47.48
706538.0,1007.5,29.3,47.9
707610.0,1007.53,29.3,47.9
708682.0,1007.44,29.3,48.32
709754.0,1007.54,29.3,47.48
710826.0,1007.51,29.3,47.06
711898.0,1007.56,29.3,48.15
712970.0,1007.5,29.3,47.23
714042.0,1007.52,29.3,47.57
715114.0,1007.54,29.3,47.23
716186.0,1007.52,29.3,47.9
717258.0,1007.46,29.2,47.9
718330.0,1007.45,29.2,48.07
719402.0,1007.55,29.2,47.98
720474.0,1007.55,29.2,47.48
721546.0,1007.56,29.2,47.57
722618.0,1007.53,29.2,47.23
723690.0,1007.53,29.2,47.15
724762.0,1007.47,29.2,47.48
725834.0,1007.51,29.2,47.9
726906.0,1007.57,29.2,46.98
727978.0,1007.47,29.2,47.65
729050.0,1007.55,29.2,48.07
730122.0,1007.5,29.1,47.65
731194.0,1007.55,29.1,47.23
732266.0,1007.52,29.1,47.73
733338.0,1007.57,29.1,47.65
734410.0,1007.46,29.1,47.57
735482.0,1007.54,29.1,47.9
736554.0,1007.55,29.1,47.82
737626.0,1007.52,29.1,47.65
738698.0,1007.47,29.1,47.4
739770.0,1007.55,29.1,47.31
740842.0,1007.54,29.1,47.4
741914.0,1007.61,29.1,47.06
742986.0,1007.6,29.1,47.23
744058.0,1007.49,29.1,47.48
745130.0,1007.56,29.1,47.06
746202.0,1007.53,29.0,47.4
747274.0,1007.48,29.1,47.73
748346.0,1007.6,29.0,47.4
749418.0,1007.51,29.0,47.57
750490.0,1007.59,29.0,47.4
751562.0,1007.55,29.0,48.15
752634.0,1007.59,29.0,47.31
753706.0,1007.52,29.0,47.73
754778.0,1007.55,29.0,47.9
755850.0,1007.51,29.0,47.48
756922.0,1007.5,29.0,48.07
757994.0,1007.54,29.0,47.73
759066.0,1007.49,29.0,47.48
760138.0,1007.55,29.0,46.98
761210.0,1007.61,29.0,47.9
762282.0,1007.52,29.0,47.82
763354.0,1007.52,29.0,47.31
764426.0,1007.53,29.0,48.07
765498.0,1007.57,29.0,47.23
766570.0,1007.57,29.0,47.4
767642.0,1007.57,29.0,47.9
768714.0,1007.57,29.0,47.48
769786.0,1007.55,29.0,47.4
770858.0,1007.58,29.0,47.82
771930.0,1007.56,29.0,47.9
773002.0,1007.49,29.0,47.82
774074.0,1007.47,29.0,47.15
775146.0,1007.48,29.0,47.73
776218.0,1007.58,29.0,47.82
777290.0,1007.54,29.0,47.4
778362.0,1007.47,29.0,47.73
779434.0,1007.6,29.0,47.73
780506.0,1007.53,29.0,47.98
781578.0,1007.55,29.0,47.48
782650.0,1007.62,29.0,47.65
783722.0,1007.56,29.0,47.57
784794.0,1007.6,29.0,47.31
785866.0,1007.5,29.0,46.98
786938.0,1007.48,29.0,47.82
788010.0,1007.56,29.0,47.48
789082.0,1007.6,29.0,47.57
790154.0,1007.55,29.0,47.4
791226.0,1007.52,29.0,47.82
792298.0,1007.59,29.0,47.48
793370.0,1007.61,29.0,47.23
794442.0,1007.53,29.0,46.98
795514.0,1007.53,29.0,46.64
796586.0,1007.55,29.0,47.15
797658.0,1007.54,29.0,47.65
798730.0,1007.6,29.0,47.65
799802.0,1007.53,29.0,47.15
800874.0,1007.54,29.0,47.57
801946.0,1007.56,29.0,47.06
803018.0,1007.58,29.0,47.57
804090.0,1007.57,29.0,47.65
805162.0,1007.55,29.0,47.73
806234.0,1007.6,28.9,47.23
807306.0,1007.54,29.0,47.65
808378.0,1007.5,28.9,47.73
809450.0,1007.57,28.9,47.82
810522.0,1007.49,29.0,47.4
811594.0,1007.6,28.9,47.48
812666.0,1007.53,28.9,47.57
813738.0,1007.6,29.0,47.57
814810.0,1007.53,29.0,47.4
815882.0,1007.54,29.0,47.4
816954.0,1007.53,29.0,47.57
818026.0,1007.59,29.0,47.4
819098.0,1007.56,29.0,47.48
820170.0,1007.5,29.0,48.4
821242.0,1007.37,29.0,48.48
822314.0,1007.41,29.1,49.07
823386.0,1007.39,29.1,48.82
824458.0,1007.31,29.1,49.15
825530.0,1007.42,29.1,48.9
826602.0,1007.38,29.2,48.82
827674.0,1007.38,29.2,49.4
828746.0,1007.3,29.2,49.07
829818.0,1007.3,29.3,49.4
830890.0,1007.27,29.3,49.57
831962.0,1007.26,29.3,49.4
833034.0,1007.26,29.3,49.57
834106.0,1007.35,29.3,49.49
835178.0,1007.26,29.4,50.41
836250.0,1007.23,29.4,50.24
837322.0,1007.17,29.4,50.41
838394.0,1007.28,29.4,50.99
839466.0,1007.24,29.5,50.74
840538.0,1007.18,29.5,50.16
841610.0,1007.1,29.5,51.25
842682.0,1007.1,29.5,51.41
843754.0,1007.17,29.5,51.25
844826.0,1007.09,29.5,51.08
845898.0,1007.01,29.5,51.58
846970.0,1006.94,29.5,52.17
848042.0,1007.13,29.6,51.5
849114.0,1006.98,29.6,51.75
850186.0,1006.98,29.6,52.25
851258.0,1007.06,29.7,50.99
852330.0,1007.1,29.7,51.41
853402.0,1007.15,29.7,51.92
854474.0,1007.02,29.7,52.0
855546.0,1007.03,29.7,51.92
856618.0,1007.02,29.8,51.66
857690.0,1007.11,29.8,52.0
858762.0,1006.98,29.8,52.33
859834.0,1006.99,29.8,52.08
860906.0,1006.96,29.8,52.25
861978.0,1006.98,29.9,52.0
863050.0,1007.01,29.9,52.25
864122.0,1006.97,29.9,51.58
865194.0,1007.04,29.9,52.25
866266.0,1007.01,30.0,52.25
867338.0,1006.99,30.0,52.5
868410.0,1006.99,30.0,52.08
869482.0,1006.97,30.0,51.92
870554.0,1006.96,30.1,51.83
871626.0,1007.0,30.1,51.75
872698.0,1007.06,30.1,52.33
873770.0,1006.97,30.2,52.08
874842.0,1006.94,30.2,52.5
875914.0,1006.94,30.3,52.84
876986.0,1007.0,30.3,52.33
878058.0,1006.98,30.3,52.67
879130.0,1006.97,30.3,52.42
880202.0,1007.05,30.4,52.08
881274.0,1006.95,30.5,52.67
882346.0,1006.95,30.5,51.92
883418.0,1006.87,30.5,52.17
884490.0,1006.92,30.5,52.5
885562.0,1006.93,30.5,52.33
886634.0,1006.94,30.5,52.5
887706.0,1006.96,30.5,52.92
888778.0,1006.91,30.5,52.5
889850.0,1006.92,30.5,52.42
890922.0,1006.96,30.5,52.42
891994.0,1007.01,30.5,52.08
893066.0,1006.9,30.5,52.08
894138.0,1006.98,30.5,52.17
895210.0,1006.88,30.5,52.17
896282.0,1006.97,30.5,52.33
897354.0,1006.95,30.5,52.42
898426.0,1006.93,30.5,52.08
899498.0,1006.87,30.5,52.92
900570.0,1006.97,30.5,52.5
901642.0,1006.96,30.5,52.58
902714.0,1006.97,30.6,52.5
903786.0,1006.99,30.6,52.33
904858.0,1006.94,30.6,52.84
905930.0,1006.99,30.6,52.42
907002.0,1006.96,30.6,52.08
908074.0,1007.0,30.6,52.08
909146.0,1007.02,30.6,52.08
910218.0,1006.95,30.6,52.0
911290.0,1006.98,30.6,52.5
912362.0,1006.94,30.6,52.25
913434.0,1006.9,30.6,52.67
914506.0,1006.89,30.5,52.58
915578.0,1006.92,30.5,52.67
916650.0,1006.9,30.5,52.08
917722.0,1007.03,30.5,52.42
918794.0,1006.97,30.5,52.25
919866.0,1007.0,30.5,52.75
920938.0,1006.96,30.5,52.0
922010.0,1006.9,30.5,53.17
923082.0,1007.0,30.5,52.33
924154.0,1006.91,30.5,52.84
925226.0,1007.01,30.4,52.42
926298.0,1006.86,30.4,52.58
927370.0,1006.9,30.4,52.25
928442.0,1006.92,30.3,52.08
929514.0,1006.9,30.3,52.58
930586.0,1006.91,30.2,52.67
931658.0,1006.97,30.2,52.08
932730.0,1006.88,30.2,52.84
933802.0,1006.98,30.2,51.41
934874.0,1006.95,30.1,52.67
935946.0,1006.98,30.1,51.66
937018.0,1006.95,30.1,51.75
938090.0,1006.92,30.0,52.33
939162.0,1006.97,30.0,52.58
940234.0,1006.98,30.0,51.92
941306.0,1007.03,30.0,51.41
942378.0,1006.98,30.0,51.66
943450.0,1006.93,30.0,51.5
944522.0,1006.98,30.0,52.08
945594.0,1006.99,30.0,51.66
946666.0,1006.96,30.0,52.08
947738.0,1006.99,30.0,52.42
948810.0,1006.97,30.0,52.25
949882.0,1006.95,30.0,52.25
950954.0,1006.96,30.0,51.66
952026.0,1007.0,30.0,52.0
953098.0,1006.98,30.0,52.17
954170.0,1007.0,30.0,51.92
955242.0,1006.99,30.0,52.42
956314.0,1007.0,30.0,52.75
957386.0,1007.03,30.0,51.92
958458.0,1007.02,30.0,51.75
959530.0,1007.02,29.9,51.83
960602.0,1006.93,30.0,52.0
961674.0,1006.92,30.0,52.33
962746.0,1007.01,30.0,51.92
963818.0,1007.02,29.9,51.92
964890.0,1007.01,29.9,52.5
965962.0,1007.01,29.9,51.92
967034.0,1007.01,29.9,51.75
968106.0,1006.99,29.9,51.75
969178.0,1006.99,29.9,51.33
970250.0,1006.95,29.9,52.08
971322.0,1006.97,29.9,53.0
972394.0,1007.03,29.9,52.67
973466.0,1007.02,29.9,51.92
974538.0,1007.0,29.9,52.25
975610.0,1007.08,29.9,51.83
976682.0,1006.99,29.9,51.83
977754.0,1007.03,29.9,51.41
978826.0,1006.97,29.9,51.66
979898.0,1007.04,29.9,51.66
980970.0,1007.03,29.9,51.58
982042.0,1006.99,29.9,51.5
983114.0,1007.12,29.9,51.92
984186.0,1006.93,29.9,52.33
985258.0,1006.99,29.9,52.0
986330.0,1006.99,29.9,51.92
987402.0,1007.03,29.9,51.75
988474.0,1007.08,29.9,51.75
989546.0,1007.0,29.9,51.66
990618.0,1007.02,29.9,51.92
991690.0,1006.99,29.9,51.92
992762.0,1007.01,29.9,51.66
993834.0,1007.05,29.9,52.0
994906.0,1007.03,29.9,52.17
995978.0,1006.98,29.9,51.92
997050.0,1006.97,29.9,51.58
998122.0,1007.01,29.9,52.5
999194.0,1007.07,29.9,51.41
1000266.0,1006.95,29.9,51.66
1001338.0,1006.99,29.9,51.5
1002410.0,1006.97,29.9,52.5
1003482.0,1007.02,29.9,52.0
1004554.0,1006.98,29.9,52.08
1005626.0,1006.97,29.9,52.0
1006698.0,1006.97,29.9,52.25
1007770.0,1007.02,29.9,51.83
1008842.0,1007.01,29.9,52.0
1009914.0,1007.03,29.9,52.08
1010986.0,1007.02,29.9,51.83
1012058.0,1007.02,29.9,51.75
1013130.0,1007.03,29.9,52.33
1014202.0,1007.06,29.9,51.83
1015274.0,1007.01,29.9,52.0
1016346.0,1007.0,29.9,51.33
1017418.0,1007.02,29.9,51.83
1018490.0,1007.04,29.9,51.75
1019562.0,1006.99,29.8,52.25
1020634.0,1006.99,29.8,51.83
1021706.0,1007.02,29.8,52.17
1022778.0,1007.04,29.8,52.42
1023850.0,1007.06,29.8,52.67
1024922.0,1007.0,29.8,52.42
1025994.0,1007.01,29.8,52.25
1027066.0,1006.95,29.8,52.17
1028138.0,1007.02,29.8,51.75
1029210.0,1007.0,29.8,51.41
1030282.0,1006.96,29.8,52.0
1031354.0,1006.97,29.8,52.25
1032426.0,1007.01,29.8,52.42
1033498.0,1006.97,29.8,52.0
1034570.0,1007.08,29.8,51.83
1035642.0,1007.0,29.8,51.92
1036714.0,1007.11,29.8,51.33
1037786.0,1006.94,29.8,52.0
1038858.0,1007.0,29.8,51.83
1039930.0,1007.01,29.8,52.17
1041002.0,1006.97,29.8,51.83
1042074.0,1006.96,29.8,52.5
1043146.0,1007.02,29.8,51.83
1044218.0,1006.98,29.8,52.75
1045290.0,1006.99,29.8,51.83
1046362.0,1006.94,29.8,51.58
1047434.0,1007.0,29.8,52.17
1048506.0,1007.05,29.8,52.33
1049578.0,1007.06,29.8,52.25
1050650.0,1007.07,29.8,51.66
1051722.0,1007.04,29.8,51.83
1052794.0,1006.98,29.8,52.25
1053866.0,1007.04,29.8,52.33
1054938.0,1007.11,29.8,52.0
1056010.0,1007.04,29.8,51.83
1057082.0,1007.07,29.8,51.83
1058154.0,1007.03,29.8,52.08
1059226.0,1007.03,29.8,51.83
1060298.0,1007.03,29.8,52.33
1061370.0,1007.09,29.8,52.08
1062442.0,1007.04,29.8,51.41
1063514.0,1007.1,29.8,51.5
1064586.0,1007.04,29.8,51.58
1065658.0,1007.12,29.8,51.66
1066730.0,1007.03,29.8,51.5
1067802.0,1006.99,29.8,50.99
1068874.0,1007.02,29.7,51.75
1069946.0,1007.04,29.7,52.33
1071018.0,1007.01,29.7,51.66
1072090.0,1007.04,29.7,52.0
1073162.0,1007.07,29.7,51.75
1074234.0,1007.01,29.7,51.75
1075306.0,1007.04,29.7,52.08
1076378.0,1007.04,29.7,51.58
1077450.0,1007.01,29.7,51.5
1078522.0,1007.04,29.7,51.58
1079594.0,1007.12,29.7,51.41
1080666.0,1007.0,29.7,52.25
1081738.0,1006.99,29.7,52.08
1082810.0,1007.13,29.7,52.0
1083882.0,1007.11,29.7,51.75
1084954.0,1007.08,29.7,51.75
1086026.0,1007.05,29.7,51.66
1087098.0,1007.08,29.7,51.58
1088170.0,1007.09,29.7,51.92
1089242.0,1007.02,29.7,51.75
1090314.0,1007.08,29.7,50.99
1091386.0,1007.08,29.7,51.66
1092458.0,1007.04,29.7,51.5
1093530.0,1007.03,29.7,50.74
1094602.0,1007.11,29.7,51.33
1095674.0,1007.01,29.7,51.92
1096746.0,1007.05,29.7,51.16
1097818.0,1007.09,29.7,51.33
1098890.0,1007.11,29.7,51.66
1099962.0,1006.96,29.7,52.08
1101034.0,1007.05,29.7,51.16
1102106.0,1007.09,29.7,51.16
1103178.0,1007.06,29.7,51.75
1104250.0,1007.03,29.7,51.66
1105322.0,1007.07,29.7,51.25
1106394.0,1007.05,29.7,52.0
1107466.0,1007.08,29.7,50.83
1108538.0,1007.08,29.7,52.08
1109610.0,1007.01,29.7,50.99
1110682.0,1007.03,29.7,51.58
1111754.0,1007.07,29.7,51.25
1112826.0,1007.13,29.7,51.08
1113898.0,1007.16,29.7,50.83
1114970.0,1007.13,29.7,51.41
1116042.0,1007.14,29.7,51.16
1117114.0,1007.09,29.7,51.66
1118186.0,1007.1,29.7,51.16
1119258.0,1007.06,29.7,51.25
1120330.0,1007.1,29.7,51.25
1121402.0,1007.06,29.7,51.41
1122474.0,1007.07,29.7,52.08
1123546.0,1007.14,29.7,51.5
1124618.0,1007.06,29.7,51.41
1125690.0,1007.11,29.7,51.58
1126762.0,1007.06,29.7,51.41
1127834.0,1007.12,29.7,51.25
1128906.0,1007.12,29.7,51.08
1129978.0,1007.08,29.7,51.33
1131050.0,1007.04,29.7,51.33
1132122.0,1007.02,29.7,52.08
1133194.0,1007.07,29.7,51.66
1134266.0,1007.14,29.7,51.58
1135338.0,1007.07,29.7,51.75
1136410.0,1007.13,29.7,51.92
1137482.0,1007.11,29.7,51.75
1138554.0,1007.12,29.7,51.58
1139626.0,1007.03,29.7,51.58
1140698.0,1007.1,29.7,51.16
1141770.0,1007.09,29.7,51.33
1142842.0,1007.12,29.7,50.99
1143914.0,1007.09,29.7,50.91
1144986.0,1007.09,29.7,50.99
1146058.0,1007.11,29.7,51.33
1147130.0,1007.06,29.7,51.92
1148202.0,1007.09,29.7,51.92
1149274.0,1007.1,29.7,51.92
1150346.0,1007.08,29.7,51.25
1151418.0,1007.05,29.7,51.33
1152490.0,1007.04,29.7,51.75
1153562.0,1007.05,29.7,51.16
1154634.0,1007.12,29.7,51.33
1155706.0,1007.03,29.7,51.25
1156778.0,1007.12,29.7,51.33
1157850.0,1007.13,29.7,50.83
1158922.0,1007.07,29.7,51.5
1159994.0,1007.11,29.7,51.33
1161066.0,1007.14,29.7,51.58
1162138.0,1007.11,29.7,51.16
1163210.0,1007.1,29.7,51.58
1164282.0,1007.1,29.7,51.58
1165354.0,1007.16,29.7,50.99
1166426.0,1007.08,29.7,51.41
1167498.0,1007.04,29.7,51.75
1168570.0,1007.14,29.7,51.41
1169642.0,1007.11,29.7,51.75
1170714.0,1007.06,29.7,51.75
1171786.0,1007.07,29.7,51.16
1172858.0,1007.1,29.7,50.99
1173930.0,1007.17,29.7,51.16
1175002.0,1007.16,29.7,51.16
1176074.0,1007.19,29.7,50.99
1177146.0,1007.09,29.7,50.91
1178218.0,1007.09,29.7,51.5
1179290.0,1007.11,29.7,50.41
1180362.0,1007.12,29.7,50.74
1181434.0,1007.14,29.7,51.16
1182506.0,1007.1,29.7,51.5
1183578.0,1007.1,29.7,51.66
1184650.0,1007.07,29.7,50.99
1185722.0,1007.13,29.7,51.08
1186794.0,1007.1,29.7,51.25
1187866.0,1007.09,29.7,50.24
1188938.0,1007.09,29.7,51.33
1190010.0,1007.04,29.7,51.41
1191082.0,1007.06,29.7,51.25
1192154.0,1007.16,29.7,50.41
1193226.0,1007.09,29.7,51.41
1194298.0,1007.04,29.7,51.25
1195370.0,1007.11,29.7,51.33
1196442.0,1007.14,29.7,51.58
1197514.0,1007.12,29.7,50.83
1198586.0,1007.22,29.7,51.33
1199658.0,1007.11,29.7,51.16
1200730.0,1007.19,29.7,51.25
1201802.0,1007.16,29.7,51.25
1202874.0,1007.19,29.7,50.66
1203946.0,1007.04,29.7,51.08
1205018.0,1007.13,29.7,50.91
1206090.0,1007.12,29.7,51.08
1207162.0,1007.15,29.7,50.99
1208234.0,1007.16,29.7,51.16
1209306.0,1007.17,29.7,51.58
1210378.0,1007.08,29.7,51.16
1211450.0,1007.07,29.7,51.75
1212522.0,1007.14,29.7,51.25
1213594.0,1007.13,29.7,50.66
1214666.0,1007.15,29.7,51.41
1215738.0,1007.09,29.7,51.08
1216810.0,1007.09,29.7,51.08
1217882.0,1007.18,29.7,51.08
1218954.0,1007.18,29.7,50.58
1220026.0,1007.1,29.7,51.16
1221098.0,1007.13,29.7,51.66
1222170.0,1007.14,29.7,51.58
1223242.0,1007.14,29.7,50.83
1224314.0,1007.09,29.7,50.99
1225386.0,1007.19,29.7,51.25
1226458.0,1007.1,29.7,50.99
1227530.0,1007.13,29.7,51.41
1228602.0,1007.16,29.7,51.33
1229674.0,1007.1,29.7,50.58
1230746.0,1007.12,29.7,51.16
1231818.0,1007.07,29.7,50.99
1232890.0,1007.16,29.7,51.75
1233962.0,1007.05,29.7,51.08
1235034.0,1007.08,29.7,51.16
1236106.0,1007.08,29.7,50.91
1237178.0,1007.03,29.7,51.08
1238250.0,1007.14,29.7,51.25
1239322.0,1007.09,29.7,51.58
1240394.0,1007.16,29.7,51.75
1241466.0,1007.09,29.7,51.33
1242538.0,1007.08,29.7,50.99
1243610.0,1007.16,29.7,50.66
1244682.0,1007.12,29.7,50.49
1245754.0,1007.1,29.7,51.41
1246826.0,1007.1,29.7,50.49
1247898.0,1007.07,29.7,51.16
1248970.0,1007.13,29.7,51.16
1250042.0,1007.05,29.7,51.33
1251114.0,1007.12,29.7,51.58
1252186.0,1007.06,29.7,51.41
1253258.0,1007.13,29.7,50.91
1254330.0,1007.1,29.7,51.16
1255402.0,1007.11,29.7,50.83
1256474.0,1007.13,29.7,51.33
1257546.0,1007.09,29.7,51.08
1258618.0,1007.13,29.7,50.58
1259690.0,1007.08,29.7,50.83
1260762.0,1007.1,29.7,51.41
1261834.0,1007.12,29.7,50.83
1262906.0,1007.12,29.7,50.99
1263978.0,1007.14,29.7,50.99
1265050.0,1007.09,29.7,51.16
1266122.0,1007.16,29.7,50.33
1267194.0,1007.09,29.7,51.08
1268266.0,1007.11,29.7,50.99
1269338.0,1007.1,29.7,51.66
1270410.0,1007.1,29.7,50.74
1271482.0,1007.11,29.7,51.58
1272554.0,1007.08,29.7,51.58
1273626.0,1007.13,29.7,51.25
1274698.0,1007.09,29.7,50.83
1275770.0,1007.11,29.7,50.91
1276842.0,1007.08,29.7,51.41
1277914.0,1007.12,29.7,51.33
1278986.0,1007.08,29.7,50.16
1280058.0,1007.2,29.7,50.66
1281130.0,1007.12,29.7,50.66
1282202.0,1007.09,29.7,51.33
1283274.0,1007.15,29.7,50.66
1284346.0,1007.16,29.7,51.08
1285418.0,1007.19,29.7,51.33
1286490.0,1007.16,29.7,50.91
1287562.0,1007.19,29.7,50.74
1288634.0,1007.14,29.7,50.41
1289706.0,1007.14,29.7,50.91
1290778.0,1007.14,29.7,50.58
1291850.0,1007.15,29.7,50.99
1292922.0,1007.17,29.7,51.25
1293994.0,1007.13,29.7,50.83
1295066.0,1007.14,29.7,50.83
1296138.0,1007.09,29.7,51.08
1297210.0,1007.08,29.7,50.66
1298282.0,1007.15,29.7,51.58
1299354.0,1007.15,29.7,51.33
1300426.0,1007.15,29.7,51.16
1301498.0,1007.2,29.7,51.08
1302570.0,1007.06,29.7,51.25
1303642.0,1007.14,29.7,50.91
1304714.0,1007.17,29.7,50.83
1305786.0,1007.1,29.7,50.66
1306858.0,1007.13,29.7,51.41
1307930.0,1007.15,29.7,51.16
1309002.0,1007.14,29.7,50.66
1310074.0,1007.1,29.7,50.49
1311146.0,1007.14,29.7,50.83
1312218.0,1007.09,29.7,50.91
1313290.0,1007.08,29.7,50.99
1314362.0,1007.1,29.7,50.83
1315434.0,1007.16,29.7,50.99
1316506.0,1007.15,29.7,51.08
1317578.0,1007.1,29.7,51.16
1318650.0,1007.08,29.7,50.99
1319722.0,1007.1,29.7,51.33
1320794.0,1007.23,29.7,50.66
1321866.0,1007.12,29.7,51.33
1322938.0,1007.09,29.7,50.58
1324010.0,1007.12,29.7,51.16
1325082.0,1007.13,29.7,51.16
1326154.0,1007.16,29.7,51.16
1327226.0,1007.14,29.7,51.25
1328298.0,1007.16,29.7,51.5
1329370.0,1007.1,29.7,51.5
1330442.0,1007.1,29.7,51.33
1331514.0,1007.14,29.7,51.33
1332586.0,1007.1,29.7,51.08
1333658.0,1007.09,29.7,50.66
1334730.0,1007.15,29.7,50.91
1335802.0,1007.01,29.7,51.5
1336874.0,1007.11,29.7,50.74
1337946.0,1007.07,29.7,51.16
1339018.0,1007.19,29.7,50.66
1340090.0,1007.07,29.7,51.41
1341162.0,1007.13,29.7,50.83
1342234.0,1007.07,29.7,51.58
1343306.0,1007.18,29.7,51.16
1344378.0,1007.1,29.7,50.99
1345450.0,1007.09,29.7,51.41
1346522.0,1007.1,29.7,51.25
1347594.0,1007.17,29.7,50.74
1348666.0,1007.11,29.7,50.83
1349738.0,1007.1,29.7,51.08
1350810.0,1007.16,29.7,51.16
1351882.0,1007.12,29.7,51.16
1352954.0,1007.16,29.7,50.91
1354026.0,1007.2,29.7,50.49
1355098.0,1007.13,29.7,50.99
1356170.0,1007.14,29.8,50.83
1357242.0,1007.18,29.8,51.25
1358314.0,1007.14,29.8,50.74
1359386.0,1007.23,29.8,50.83
1360458.0,1007.19,29.8,51.25
1361530.0,1007.13,29.8,51.41
1362602.0,1007.13,29.8,51.41
1363674.0,1007.09,29.8,51.08
1364746.0,1007.13,29.8,50.83
1365818.0,1007.13,29.8,51.16
1366890.0,1007.15,29.8,50.49
1367962.0,1007.08,29.8,51.08
1369034.0,1007.16,29.9,50.91
1370106.0,1007.08,29.9,51.16
1371178.0,1007.13,29.9,50.74
1372250.0,1007.11,29.9,51.33
1373322.0,1007.17,29.9,50.33
1374394.0,1007.14,29.9,50.58
1375466.0,1007.13,29.9,50.74
1376538.0,1007.11,29.9,50.99
1377610.0,1007.18,29.9,50.66
1378682.0,1007.14,29.9,50.66
1379754.0,1007.19,29.9,50.99
1380826.0,1007.18,29.9,51.16
1381898.0,1007.13,29.9,50.66
1382970.0,1007.14,30.0,51.41
1384042.0,1007.04,30.0,51.16
1385114.0,1007.1,30.0,50.99
1386186.0,1007.1,30.0,51.16
1387258.0,1007.08,30.0,51.25
1388330.0,1007.05,30.0,50.83
1389402.0,1007.12,30.0,50.41
1390474.0,1007.12,30.0,51.5
1391546.0,1007.1,30.0,50.66
1392618.0,1007.18,29.9,50.99
1393690.0,1007.12,29.9,50.49
1394762.0,1007.12,29.9,51.33
1395834.0,1007.17,29.9,50.58
1396906.0,1007.21,29.9,50.99
1397978.0,1007.16,29.9,51.58
1399050.0,1007.1,29.9,50.91
1400122.0,1007.1,29.9,50.99
1401194.0,1007.13,29.9,50.83
1402266.0,1007.05,29.9,51.08
1403338.0,1007.19,29.9,51.08
1404410.0,1007.11,29.9,51.16
1405482.0,1007.11,29.9,51.08
1406554.0,1007.16,29.9,50.91
1407626.0,1007.16,29.9,50.58
1408698.0,1007.06,29.9,51.16
1409770.0,1007.12,29.9,50.74
1410842.0,1007.12,29.9,51.33
1411914.0,1007.19,29.9,50.83
1412986.0,1007.13,29.9,50.41
1414058.0,1007.09,29.9,51.16
1415130.0,1007.18,29.9,51.16
1416202.0,1007.17,29.9,50.83
1417274.0,1007.1,29.9,51.5
1418346.0,1007.05,29.9,51.33
1419418.0,1007.12,29.9,50.83
1420490.0,1007.1,29.9,51.41
1421562.0,1007.14,29.9,51.25
1422634.0,1007.12,29.9,50.91
1423706.0,1007.12,29.8,50.99
1424778.0,1007.16,29.8,51.33
1425850.0,1007.16,29.9,51.08
1426922.0,1007.08,29.8,51.33
1427994.0,1007.1,29.8,50.58
1429066.0,1007.06,29.8,51.66
1430138.0,1007.01,29.8,51.25
1431210.0,1007.16,29.8,51.25
1432282.0,1007.03,29.8,51.75
1433354.0,1007.03,29.8,51.5
1434426.0,1007.08,29.8,51.66
1435498.0,1007.16,29.8,51.5
1436570.0,1007.17,29.8,50.91
1437642.0,1007.12,29.8,51.08
1438714.0,1007.19,29.8,50.33
1439786.0,1007.11,29.8,50.91
1440858.0,1007.12,29.8,50.91
1441930.0,1007.11,29.8,51.75
1443002.0,1007.09,29.8,51.58
1444074.0,1007.11,29.8,51.33
1445146.0,1007.11,29.8,50.99
1446218.0,1007.1,29.8,50.66
1447290.0,1007.07,29.8,51.58
1448362.0,1007.15,29.8,51.41
1449434.0,1007.06,29.8,51.16
1450506.0,1007.16,29.8,51.41
1451578.0,1007.12,29.8,51.33
1452650.0,1007.15,29.8,50.91
1453722.0,1007.18,29.8,51.08
1454794.0,1007.14,29.8,51.25
1455866.0,1007.16,29.8,50.91
1456938.0,1007.16,29.8,51.25
1458010.0,1007.13,29.8,51.66
1459082.0,1007.15,29.8,51.25
1460154.0,1007.15,29.8,50.58
1461226.0,1007.09,29.8,50.66
1462298.0,1007.1,29.8,51.25
1463370.0,1007.15,29.8,50.83
1464442.0,1007.15,29.8,51.33
1465514.0,1007.11,29.8,50.99
1466586.0,1007.06,29.8,50.49
1467658.0,1007.14,29.8,50.41
1468730.0,1007.05,29.8,51.25
1469802.0,1007.17,29.8,50.99
1470874.0,1007.11,29.8,50.58
1471946.0,1007.24,29.7,51.58
1473018.0,1007.12,29.7,50.33
1474090.0,1007.13,29.7,50.83
1475162.0,1007.17,29.7,50.99
1476234.0,1007.14,29.7,50.83
1477306.0,1007.17,29.7,50.74
1478378.0,1007.11,29.7,51.16
1479450.0,1007.22,29.7,51.08
1480522.0,1007.16,29.7,51.08
1481594.0,1007.15,29.7,51.33
1482666.0,1007.16,29.7,50.74
1483738.0,1007.17,29.7,50.83
1484810.0,1007.14,29.7,49.99
1485882.0,1007.18,29.7,50.74
1486954.0,1007.12,29.7,51.16
1488026.0,1007.13,29.7,50.66
1489098.0,1007.2,29.7,50.83
1490170.0,1007.15,29.7,51.33
1491242.0,1007.15,29.7,50.83
1492314.0,1007.12,29.7,51.08
1493386.0,1007.18,29.7,50.74
1494458.0,1007.15,29.7,50.66
1495530.0,1007.16,29.7,50.91
1496602.0,1007.18,29.7,51.33
1497674.0,1007.16,29.7,50.83
1498746.0,1007.17,29.7,51.5
1499818.0,1007.16,29.7,51.08
1500890.0,1007.11,29.7,50.83
1501962.0,1007.16,29.7,50.41
1503034.0,1007.18,29.7,50.24
1504106.0,1007.14,29.7,50.16
1505178.0,1007.14,29.7,50.91
1506250.0,1007.23,29.7,50.74
1507322.0,1007.17,29.7,50.58
1508394.0,1007.08,29.7,50.83
1509466.0,1007.15,29.6,51.16
1510538.0,1007.15,29.7,51.16
1511610.0,1007.19,29.7,50.91
1512682.0,1007.25,29.7,50.83
1513754.0,1007.19,29.7,50.33
1514826.0,1007.13,29.7,50.41
1515898.0,1007.16,29.6,50.83
1516970.0,1007.09,29.7,50.66
1518042.0,1007.24,29.7,50.07
1519114.0,1007.11,29.7,50.49
1520186.0,1007.18,29.7,50.49
1521258.0,1007.24,29.7,50.41
1522330.0,1007.18,29.7,50.99
1523402.0,1007.23,29.7,50.49
1524474.0,1007.08,29.7,50.58
1525546.0,1007.16,29.7,50.58
1526618.0,1007.19,29.6,50.83
1527690.0,1007.12,29.7,50.91
1528762.0,1007.18,29.6,50.91
1529834.0,1007.15,29.6,51.16
1530906.0,1007.13,29.6,50.58
1531978.0,1007.13,29.6,50.99
1533050.0,1007.11,29.6,50.41
1534122.0,1007.11,29.6,50.74
1535194.0,1007.15,29.6,50.58
1536266.0,1007.18,29.6,50.99
1537338.0,1007.13,29.6,50.83
1538410.0,1007.13,29.6,50.83
1539482.0,1007.07,29.6,50.99
1540554.0,1007.11,29.6,50.41
1541626.0,1007.18,29.6,50.66
1542698.0,1007.15,29.6,50.99
1543770.0,1007.14,29.6,51.08
1544842.0,1007.12,29.6,50.58
1545914.0,1007.19,29.6,50.91
1546986.0,1007.17,29.6,50.24
1548058.0,1007.15,29.6,51.08
1549130.0,1007.18,29.6,50.41
1550202.0,1007.13,29.6,51.08
1551274.0,1007.15,29.6,50.74
1552346.0,1007.16,29.6,50.66
1553418.0,1007.14,29.6,50.66
1554490.0,1007.2,29.6,50.58
1555562.0,1007.16,29.6,49.99
1556634.0,1007.16,29.6,50.83
1557706.0,1007.25,29.6,51.16
1558778.0,1007.09,29.6,50.83
1559850.0,1007.22,29.6,51.25
1560922.0,1007.12,29.6,51.16
1561994.0,1007.06,29.6,50.91
1563066.0,1007.17,29.6,50.91
1564138.0,1007.13,29.6,50.49
1565210.0,1007.12,29.6,50.91
1566282.0,1007.13,29.6,51.25
1567354.0,1007.12,29.6,51.08
1568426.0,1007.2,29.6,50.91
1569498.0,1007.1,29.6,50.91
1570570.0,1007.21,29.6,50.83
1571642.0,1007.14,29.6,50.99
1572714.0,1007.19,29.6,50.99
1573786.0,1007.21,29.6,50.41
1574858.0,1007.16,29.6,51.16
1575930.0,1007.16,29.6,50.74
1577002.0,1007.12,29.6,50.58
1578074.0,1007.22,29.6,51.16
1579146.0,1007.22,29.6,50.41
1580218.0,1007.2,29.6,50.99
1581290.0,1007.12,29.6,51.08
1582362.0,1007.15,29.6,50.91
1583434.0,1007.17,29.6,51.5
1584506.0,1007.2,29.6,50.74
1585578.0,1007.17,29.6,51.33
1586650.0,1007.2,29.6,50.41
1587722.0,1007.14,29.6,51.41
1588794.0,1007.14,29.6,50.91
1589866.0,1007.15,29.6,50.83
1590938.0,1007.14,29.6,50.91
1592010.0,1007.13,29.6,50.24
1593082.0,1007.18,29.6,51.16
1594154.0,1007.18,29.6,50.91
1595226.0,1007.19,29.6,50.58
1596298.0,1007.11,29.6,50.74
1597370.0,1007.1,29.6,51.16
1598442.0,1007.19,29.6,51.16
1599514.0,1007.15,29.6,50.91
1600586.0,1007.19,29.6,50.99
1601658.0,1007.1,29.6,51.16
1602730.0,1007.16,29.6,50.49
1603802.0,1007.18,29.6,50.41
1604874.0,1007.13,29.6,51.33
1605946.0,1007.19,29.6,51.25
1607018.0,1007.17,29.6,50.91
1608090.0,1007.19,29.6,50.58
1609162.0,1007.12,29.6,50.99
1610234.0,1007.17,29.6,50.49
1611306.0,1007.16,29.6,50.91
1612378.0,1007.16,29.6,51.08
1613450.0,1007.14,29.6,50.49
1614522.0,1007.13,29.6,50.91
1615594.0,1007.21,29.6,50.74
1616666.0,1007.15,29.6,50.74
1617738.0,1007.16,29.6,50.41
1618810.0,1007.17,29.6,50.33
1619882.0,1007.15,29.6,50.91
1620954.0,1007.18,29.6,50.83
1622026.0,1007.12,29.6,50.99
1623098.0,1007.15,29.6,50.83
1624170.0,1007.09,29.6,50.83
1625242.0,1007.13,29.6,51.16
1626314.0,1007.12,29.6,51.25
1627386.0,1007.16,29.6,51.16
1628458.0,1007.11,29.6,50.74
1629530.0,1007.22,29.6,50.99
1630602.0,1007.08,29.6,51.33
1631674.0,1007.19,29.6,50.41
1632746.0,1007.06,29.6,51.33
1633818.0,1007.13,29.6,50.83
1634890.0,1007.2,29.6,50.91
1635962.0,1007.18,29.6,50.33
1637034.0,1007.16,29.6,50.91
1638106.0,1007.11,29.6,50.99
1639178.0,1007.13,29.6,50.91
1640250.0,1007.13,29.6,51.16
1641322.0,1007.13,29.6,50.74
1642394.0,1007.06,29.6,51.08
1643466.0,1007.13,29.6,51.08
1644538.0,1007.12,29.6,51.16
1645610.0,1007.12,29.6,51.08
1646682.0,1007.13,29.6,51.33
1647754.0,1007.09,29.6,51.16
1648826.0,1007.14,29.6,50.74
1649898.0,1007.15,29.6,51.16
1650970.0,1007.16,29.6,50.91
1652042.0,1007.23,29.6,50.58
1653114.0,1007.12,29.6,50.91
1654186.0,1007.14,29.6,50.91
1655258.0,1007.08,29.6,51.08
1656330.0,1007.18,29.6,51.08
1657402.0,1007.17,29.6,50.66
1658474.0,1007.14,29.6,50.83
1659546.0,1007.19,29.6,50.41
1660618.0,1007.11,29.6,51.41
1661690.0,1007.18,29.6,50.91
1662762.0,1007.11,29.6,51.5
1663834.0,1007.08,29.6,51.58
1664906.0,1007.13,29.6,50.74
1665978.0,1007.15,29.6,51.08
1667050.0,1007.15,29.6,51.25
1668122.0,1007.16,29.6,50.33
1669194.0,1007.06,29.6,50.41
1670266.0,1007.17,29.6,50.91
1671338.0,1007.16,29.6,50.91
1672410.0,1007.19,29.6,50.91
1673482.0,1007.22,29.6,50.91
1674554.0,1007.09,29.6,50.58
1675626.0,1007.14,29.6,50.58
1676698.0,1007.16,29.6,50.58
1677770.0,1007.18,29.6,51.08
1678842.0,1007.13,29.6,51.08
1679914.0,1007.1,29.6,50.24
1680986.0,1007.13,29.6,51.08
1682058.0,1007.11,29.6,50.49
1683130.0,1007.26,29.6,50.41
1684202.0,1007.19,29.6,50.91
1685274.0,1007.12,29.6,51.08
1686346.0,1007.19,29.6,50.74
1687418.0,1007.17,29.6,50.58
1688490.0,1007.17,29.6,50.83
1689562.0,1007.16,29.6,50.91
1690634.0,1007.11,29.6,50.91
1691706.0,1007.12,29.6,50.33
1692778.0,1007.18,29.6,50.58
1693850.0,1007.13,29.6,50.66
1694922.0,1007.13,29.6,50.33
1695994.0,1007.2,29.6,51.08
1697066.0,1007.15,29.6,50.91
1698138.0,1007.18,29.6,50.58
1699210.0,1007.18,29.6,50.58
1700282.0,1007.2,29.6,50.74
1701354.0,1007.15,29.6,50.99
1702426.0,1007.19,29.6,50.66
1703498.0,1007.2,29.6,50.58
1704570.0,1007.09,29.6,50.91
1705642.0,1007.19,29.6,51.08
1706714.0,1007.15,29.6,50.99
1707786.0,1007.17,29.6,51.16
1708858.0,1007.17,29.6,50.74
1709930.0,1007.22,29.6,50.91
1711002.0,1007.09,29.6,50.74
1712074.0,1007.13,29.6,50.83
1713146.0,1007.15,29.6,50.99
1714218.0,1007.21,29.6,50.49
1715290.0,1007.22,29.6,50.33
1716362.0,1007.11,29.6,50.33
1717434.0,1007.1,29.6,50.99
1718506.0,1007.09,29.6,50.58
1719578.0,1007.15,29.6,50.49
1720650.0,1007.05,29.6,50.91
1721722.0,1007.09,29.6,50.83
1722794.0,1007.06,29.6,51.41
1723866.0,1007.14,29.6,50.33
1724938.0,1007.12,29.6,50.83
1726010.0,1007.13,29.6,50.91
1727082.0,1007.1,29.6,50.91
1728154.0,1007.18,29.6,50.41
1729226.0,1007.19,29.6,50.83
1730298.0,1007.2,29.6,51.16
1731370.0,1007.11,29.6,50.83
1732442.0,1007.11,29.6,50.16
1733514.0,1007.2,29.6,50.83
1734586.0,1007.14,29.6,50.91
1735658.0,1007.2,29.6,50.24
1736730.0,1007.15,29.6,50.91
1737802.0,1007.13,29.6,50.07
1738874.0,1007.22,29.6,50.99
1739946.0,1007.18,29.6,50.99
1741018.0,1007.11,29.6,50.99
1742090.0,1007.18,29.6,51.25
1743162.0,1007.08,29.6,50.58
1744234.0,1007.14,29.6,50.41
1745306.0,1007.15,29.6,50.74
1746378.0,1007.17,29.6,50.74
1747450.0,1007.2,29.6,50.91
1748522.0,1007.11,29.6,51.16
1749594.0,1007.17,29.6,50.99
1750666.0,1007.17,29.5,50.83
1751738.0,1007.14,29.6,50.33
1752810.0,1007.14,29.5,50.41
1753882.0,1007.18,29.6,50.91
1754954.0,1007.15,29.6,50.24
1756026.0,1007.12,29.5,51.08
1757098.0,1007.23,29.6,50.99
1758170.0,1007.17,29.6,51.08
1759242.0,1007.2,29.6,50.41
1760314.0,1007.13,29.6,50.49
1761386.0,1007.15,29.5,50.58
1762458.0,1007.08,29.5,50.16
1763530.0,1007.11,29.5,50.91
1764602.0,1007.18,29.6,50.91
1765674.0,1007.17,29.5,51.58
1766746.0,1007.12,29.6,51.08
1767818.0,1007.16,29.6,50.66
1768890.0,1007.11,29.6,50.83
1769962.0,1007.11,29.6,50.58
1771034.0,1007.09,29.5,50.91
1772106.0,1007.11,29.6,50.91
1773178.0,1007.09,29.5,51.25
1774250.0,1007.11,29.6,51.25
1775322.0,1007.1,29.5,51.08
1776394.0,1007.04,29.5,50.91
1777466.0,1007.09,29.6,51.41
1778538.0,1007.12,29.5,50.91
1779610.0,1007.14,29.6,51.16
1780682.0,1007.19,29.6,50.49
1781754.0,1007.1,29.6,51.16
1782826.0,1007.18,29.6,50.58
1783898.0,1007.1,29.6,50.41
1784970.0,1007.08,29.6,50.99
1786042.0,1007.09,29.6,51.08
1787114.0,1007.08,29.6,51.75
1788186.0,1007.15,29.6,50.91
1789258.0,1007.05,29.6,50.83
1790330.0,1007.11,29.6,50.24
1791402.0,1007.14,29.6,50.33
1792474.0,1007.2,29.6,50.99
1793546.0,1007.04,29.6,51.66
1794618.0,1007.11,29.6,51.33
1795690.0,1007.13,29.6,50.66
1796762.0,1007.11,29.6,50.58
1797834.0,1007.11,29.6,50.83
1798906.0,1007.12,29.6,50.58
1799978.0,1007.17,29.6,50.58
1801050.0,1007.14,29.6,50.83
1802122.0,1007.21,29.6,50.74
1803194.0,1007.21,29.6,50.66
1804266.0,1007.1,29.6,50.74
1805338.0,1007.15,29.6,50.74
1806410.0,1007.26,29.6,50.58
1807482.0,1007.15,29.6,50.41
1808554.0,1007.16,29.6,50.41
1809626.0,1007.11,29.6,50.99
1810698.0,1007.19,29.6,50.41
1811770.0,1007.12,29.6,50.83
1812842.0,1007.11,29.6,51.25
1813914.0,1007.17,29.6,50.74
1814986.0,1007.24,29.6,50.83
1816058.0,1007.15,29.6,50.07
1817130.0,1007.13,29.6,50.91
1818202.0,1007.18,29.6,50.58
1819274.0,1007.09,29.6,51.16
1820346.0,1007.21,29.6,50.49
1821418.0,1007.26,29.6,50.74
1822490.0,1007.17,29.6,50.16
1823562.0,1007.18,29.6,50.33
1824634.0,1007.11,29.6,50.41
1825706.0,1007.15,29.6,50.58
1826778.0,1007.13,29.6,50.41
1827850.0,1007.11,29.6,50.83
1828922.0,1007.13,29.6,51.58
1829994.0,1007.21,29.6,50.49
1831066.0,1007.08,29.6,50.83
1832138.0,1007.19,29.6,50.83
1833210.0,1007.21,29.6,50.74
1834282.0,1007.16,29.6,50.58
1835354.0,1007.14,29.6,50.58
1836426.0,1007.14,29.6,50.91
1837498.0,1007.16,29.6,50.49
1838570.0,1007.13,29.6,50.74
1839642.0,1007.15,29.6,50.58
1840714.0,1007.25,29.6,50.24
1841786.0,1007.19,29.6,50.99
1842858.0,1007.17,29.6,51.08
1843930.0,1007.18,29.6,50.33
1845002.0,1007.19,29.6,51.25
1846074.0,1007.2,29.6,50.83
1847146.0,1007.19,29.6,50.16
1848218.0,1007.23,29.6,50.91
1849290.0,1007.18,29.6,50.41
1850362.0,1007.18,29.6,50.66
1851434.0,1007.14,29.6,50.66
1852506.0,1007.21,29.6,51.08
1853578.0,1007.16,29.6,50.58
1854650.0,1007.13,29.6,50.58
1855722.0,1007.17,29.6,50.07
1856794.0,1007.14,29.6,50.66
1857866.0,1007.19,29.5,51.08
1858938.0,1007.12,29.6,50.74
1860010.0,1007.13,29.6,50.99
1861082.0,1007.12,29.5,50.91
1862154.0,1007.22,29.6,50.99
1863226.0,1007.15,29.6,50.58
1864298.0,1007.18,29.5,51.33
1865370.0,1007.19,29.5,51.08
1866442.0,1007.19,29.6,50.99
1867514.0,1007.18,29.5,51.41
1868586.0,1007.12,29.5,50.74
1869658.0,1007.18,29.5,51.08
1870730.0,1007.17,29.5,50.66
1871802.0,1007.13,29.5,50.41
1872874.0,1007.17,29.5,51.08
1873946.0,1007.14,29.6,50.66
1875018.0,1007.05,29.5,51.58
1876090.0,1007.11,29.5,51.33
1877162.0,1007.15,29.5,51.25
1878234.0,1007.24,29.5,50.91
1879306.0,1007.13,29.5,50.99
1880378.0,1007.15,29.5,51.16
1881450.0,1007.1,29.5,51.41
1882522.0,1007.16,29.5,51.25
1883594.0,1007.13,29.5,51.08
1884666.0,1007.18,29.5,50.74
1885738.0,1007.16,29.5,51.08
1886810.0,1007.15,29.5,50.74
1887882.0,1007.17,29.5,50.99
1888954.0,1007.16,29.5,50.91
1890026.0,1007.12,29.5,50.74
1891098.0,1007.14,29.5,50.74
1892170.0,1007.16,29.5,50.66
1893242.0,1007.21,29.5,50.91
1894314.0,1007.15,29.5,50.83
1895386.0,1007.12,29.5,50.83
1896458.0,1007.19,29.5,49.91
1897530.0,1007.16,29.5,50.74
1898602.0,1007.14,29.5,50.99
1899674.0,1007.18,29.5,50.74
1900746.0,1007.2,29.5,50.74
1901818.0,1007.15,29.5,50.74
1902890.0,1007.09,29.5,50.91
1903962.0,1007.13,29.5,50.33
1905034.0,1007.17,29.5,50.83
1906106.0,1007.13,29.5,50.58
1907178.0,1007.13,29.5,50.24
1908250.0,1007.21,29.5,51.08
1909322.0,1007.15,29.5,50.49
1910394.0,1007.15,29.5,50.91
1911466.0,1007.12,29.5,50.74
1912538.0,1007.15,29.5,50.91
1913610.0,1007.12,29.5,50.74
1914682.0,1007.16,29.5,50.41
1915754.0,1007.12,29.5,50.74
1916826.0,1007.14,29.5,51.08
1917898.0,1007.07,29.5,51.25
1918970.0,1007.15,29.5,50.74
1920042.0,1007.11,29.5,51.5
1921114.0,1007.17,29.5,50.83
1922186.0,1007.16,29.5,50.83
1923258.0,1007.17,29.5,50.66
1924330.0,1007.1,29.5,50.33
1925402.0,1007.2,29.5,51.25
1926474.0,1007.15,29.5,51.08
1927546.0,1007.14,29.5,51.16
1928618.0,1007.18,29.5,51.25
1929690.0,1007.11,29.5,50.58
1930762.0,1007.17,29.5,50.74
1931834.0,1007.16,29.5,50.66
1932906.0,1007.11,29.5,51.33
1933978.0,1007.22,29.5,50.83
1935050.0,1007.12,29.5,50.74
1936122.0,1007.19,29.5,50.91
1937194.0,1007.14,29.5,50.83
1938266.0,1007.18,29.5,50.83
1939338.0,1007.12,29.5,50.74
1940410.0,1007.24,29.5,50.49
1941482.0,1007.13,29.5,50.58
1942554.0,1007.18,29.5,50.83
1943626.0,1007.16,29.5,50.41
1944698.0,1007.16,29.5,50.66
1945770.0,1007.16,29.5,50.58
1946842.0,1007.15,29.5,50.99
1947914.0,1007.13,29.5,50.66
1948986.0,1007.18,29.5,50.74
1950058.0,1007.18,29.5,50.83
1951130.0,1007.09,29.5,50.74
1952202.0,1007.11,29.5,50.99
1953274.0,1007.09,29.5,51.58
1954346.0,1007.12,29.5,50.91
1955418.0,1007.07,29.5,50.91
1956490.0,1007.15,29.5,51.25
1957562.0,1007.16,29.5,51.25
1958634.0,1007.15,29.5,50.83
1959706.0,1007.12,29.5,51.08
1960778.0,1007.15,29.5,51.08
1961850.0,1007.1,29.5,50.49
1962922.0,1007.18,29.5,50.91
1963994.0,1007.12,29.5,50.49
1965066.0,1007.19,29.5,51.08
1966138.0,1007.15,29.5,50.91
1967210.0,1007.16,29.5,50.99
1968282.0,1007.15,29.5,50.83
1969354.0,1007.11,29.5,51.08
1970426.0,1007.08,29.5,50.33
1971498.0,1007.11,29.5,51.5
1972570.0,1007.23,29.5,50.91
1973642.0,1007.15,29.5,50.74
1974714.0,1007.17,29.5,50.66
1975786.0,1007.19,29.5,50.66
1976858.0,1007.16,29.5,51.08
1977930.0,1007.2,29.5,51.08
1979002.0,1007.16,29.5,50.74
1980074.0,1007.21,29.5,51.08
1981146.0,1007.2,29.5,51.16
1982218.0,1007.18,29.5,50.99
1983290.0,1007.09,29.5,50.74
1984362.0,1007.13,29.5,50.91
1985434.0,1007.14,29.5,50.41
1986506.0,1007.15,29.5,51.08
1987578.0,1007.2,29.6,50.91
1988650.0,1007.14,29.5,50.41
1989722.0,1007.15,29.5,50.91
1990794.0,1007.19,29.5,50.58
1991866.0,1007.12,29.5,51.5
1992938.0,1007.14,29.5,51.16
1994010.0,1007.13,29.5,51.5
1995082.0,1007.12,29.5,50.91
1996154.0,1007.17,29.5,50.41
1997226.0,1007.12,29.6,50.91
1998298.0,1007.15,29.5,50.49
1999370.0,1007.13,29.5,50.99
2000442.0,1007.12,29.5,50.49
2001514.0,1007.17,29.5,50.91
2002586.0,1007.14,29.5,50.83
2003658.0,1007.15,29.6,50.58
2004730.0,1007.13,29.5,50.83
2005802.0,1007.13,29.5,50.99
2006874.0,1007.11,29.5,50.66
2007946.0,1007.13,29.6,50.41
2009018.0,1007.22,29.6,50.58
2010090.0,1007.16,29.5,51.08
2011162.0,1007.13,29.6,50.74
2012234.0,1007.14,29.6,50.99
2013306.0,1007.15,29.5,50.83
2014378.0,1007.21,29.5,51.16
2015450.0,1007.13,29.5,50.91
2016522.0,1007.17,29.5,50.74
2017594.0,1007.18,29.6,50.74
2018666.0,1007.17,29.6,51.16
2019738.0,1007.09,29.6,51.16
2020810.0,1007.2,29.6,50.58
2021882.0,1007.14,29.6,50.24
2022954.0,1007.2,29.5,50.24
2024026.0,1007.19,29.5,50.91
2025098.0,1007.18,29.5,50.83
2026170.0,1007.17,29.6,50.66
2027242.0,1007.19,29.5,51.25
2028314.0,1007.17,29.5,50.74
2029386.0,1007.15,29.5,50.74
2030458.0,1007.11,29.6,50.33
2031530.0,1007.18,29.6,50.33
2032602.0,1007.2,29.6,50.74
2033674.0,1007.11,29.6,50.99
2034746.0,1007.17,29.6,50.58
2035818.0,1007.19,29.5,50.49
2036890.0,1007.22,29.5,50.66
2037962.0,1007.21,29.6,50.91
2039034.0,1007.18,29.5,50.58
2040106.0,1007.2,29.6,50.83
2041178.0,1007.11,29.6,50.83
2042250.0,1007.17,29.6,50.91
2043322.0,1007.14,29.6,50.83
2044394.0,1007.16,29.5,50.58
2045466.0,1007.22,29.6,50.16
2046538.0,1007.15,29.5,50.58
2047610.0,1007.21,29.6,50.66
2048682.0,1007.14,29.5,50.83
2049754.0,1007.13,29.5,50.58
2050826.0,1007.18,29.5,50.49
2051898.0,1007.13,29.6,50.91
2052970.0,1007.15,29.6,50.99
2054042.0,1007.13,29.6,49.99
2055114.0,1007.19,29.5,49.82
2056186.0,1007.12,29.6,50.83
2057258.0,1007.15,29.5,50.83
2058330.0,1007.11,29.5,50.74
2059402.0,1007.16,29.6,50.58
2060474.0,1007.2,29.6,50.16
2061546.0,1007.18,29.6,49.74
2062618.0,1007.18,29.6,50.33
2063690.0,1007.13,29.6,49.99
2064762.0,1007.15,29.6,50.74
2065834.0,1007.17,29.6,50.74
2066906.0,1007.14,29.5,50.66
2067978.0,1007.15,29.6,50.58
2069050.0,1007.15,29.6,50.33
2070122.0,1007.18,29.6,50.49
2071194.0,1007.13,29.5,50.58
2072266.0,1007.14,29.6,50.91
2073338.0,1007.11,29.6,50.91
2074410.0,1007.17,29.6,51.25
2075482.0,1007.17,29.6,51.08
2076554.0,1007.22,29.6,50.24
2077626.0,1007.15,29.6,50.58
2078698.0,1007.14,29.6,50.33
2079770.0,1007.09,29.6,50.66
2080842.0,1007.17,29.6,50.41
2081914.0,1007.15,29.6,50.41
2082986.0,1007.27,29.6,50.33
2084058.0,1007.22,29.6,50.33
2085130.0,1007.18,29.6,50.07
2086202.0,1007.22,29.6,50.33
2087274.0,1007.17,29.6,49.99
2088346.0,1007.15,29.6,50.33
2089418.0,1007.2,29.6,50.74
2090490.0,1007.23,29.6,50.16
2091562.0,1007.21,29.6,50.07
2092634.0,1007.27,29.6,50.58
2093706.0,1007.26,29.6,50.33
2094778.0,1007.23,29.6,50.16
2095850.0,1007.11,29.6,50.91
2096922.0,1007.21,29.6,50.58
2097994.0,1007.16,29.6,50.24
2099066.0,1007.11,29.6,50.83
2100138.0,1007.23,29.6,50.58
2101210.0,1007.16,29.6,50.58
2102282.0,1007.15,29.6,50.74
2103354.0,1007.13,29.6,50.58
2104426.0,1007.09,29.6,51.41
2105498.0,1007.17,29.6,50.74
2106570.0,1007.24,29.6,50.74
2107642.0,1007.07,29.6,50.83
2108714.0,1007.17,29.6,50.66
2109786.0,1007.21,29.6,50.07
2110858.0,1007.21,29.6,50.41
2111930.0,1007.22,29.6,50.24
2113002.0,1007.15,29.6,50.33
2114074.0,1007.19,29.6,50.91
2115146.0,1007.24,29.6,50.91
2116218.0,1007.18,29.6,50.74
2117290.0,1007.18,29.6,50.49
2118362.0,1007.17,29.6,50.66
2119434.0,1007.13,29.6,51.08
2120506.0,1007.19,29.6,50.41
2121578.0,1007.22,29.6,50.49
2122650.0,1007.16,29.6,50.91
2123722.0,1007.18,29.6,50.49
2124794.0,1007.22,29.6,50.91
2125866.0,1007.17,29.6,50.33
2126938.0,1007.22,29.6,50.49
2128010.0,1007.2,29.6,50.24
2129082.0,1007.21,29.6,49.99
2130154.0,1007.21,29.6,50.49
2131226.0,1007.21,29.6,50.66
2132298.0,1007.21,29.6,50.49
2133370.0,1007.2,29.6,50.49
2134442.0,1007.16,29.6,50.66
2135514.0,1007.15,29.6,51.08
2136586.0,1007.19,29.6,50.49
2137658.0,1007.23,29.6,50.83
2138730.0,1007.26,29.6,49.99
2139802.0,1007.19,29.6,50.74
2140874.0,1007.22,29.6,49.57
2141946.0,1007.21,29.6,50.16
2143018.0,1007.28,29.6,50.41
2144090.0,1007.26,29.6,49.66
2145162.0,1007.19,29.6,49.82
2146234.0,1007.26,29.6,49.74
2147306.0,1007.17,29.6,50.41
2148378.0,1007.28,29.6,50.58
2149450.0,1007.24,29.6,50.16
2150522.0,1007.18,29.6,49.99
2151594.0,1007.18,29.6,50.33
2152666.0,1007.2,29.6,50.24
2153738.0,1007.27,29.6,50.58
2154810.0,1007.3,29.6,50.07
2155882.0,1007.25,29.6,49.91
2156954.0,1007.24,29.6,49.82
2158026.0,1007.21,29.6,50.58
2159098.0,1007.21,29.6,50.58
2160170.0,1007.16,29.6,50.16
2161242.0,1007.25,29.6,49.82
2162314.0,1007.18,29.6,50.41
2163386.0,1007.15,29.6,50.58
2164458.0,1007.25,29.6,50.91
2165530.0,1007.14,29.6,50.58
2166602.0,1007.18,29.6,50.49
2167674.0,1007.19,29.6,50.74
2168746.0,1007.15,29.6,50.49
2169818.0,1007.29,29.6,49.99
2170890.0,1007.21,29.6,50.91
2171962.0,1007.25,29.6,50.41
2173034.0,1007.21,29.6,50.33
2174106.0,1007.21,29.6,49.91
2175178.0,1007.21,29.6,50.83
2176250.0,1007.17,29.6,50.58
2177322.0,1007.17,29.6,50.41
2178394.0,1007.16,29.6,50.24
2179466.0,1007.17,29.6,50.07
2180538.0,1007.16,29.6,50.66
2181610.0,1007.16,29.6,49.99
2182682.0,1007.17,29.6,50.49
2183754.0,1007.21,29.6,50.07
2184826.0,1007.2,29.6,49.91
2185898.0,1007.21,29.6,50.58
2186970.0,1007.18,29.6,50.58
2188042.0,1007.19,29.6,50.49
2189114.0,1007.22,29.6,49.91
2190186.0,1007.19,29.6,50.58
2191258.0,1007.14,29.6,50.16
2192330.0,1007.13,29.6,50.16
2193402.0,1007.27,29.6,50.16
2194474.0,1007.24,29.6,49.74
2195546.0,1007.16,29.6,50.16
2196618.0,1007.15,29.6,50.07
2197690.0,1007.18,29.6,50.74
2198762.0,1007.29,29.6,50.41
2199834.0,1007.22,29.6,50.16
2200906.0,1007.21,29.6,50.33
2201978.0,1007.14,29.6,50.16
2203050.0,1007.2,29.6,50.58
2204122.0,1007.17,29.6,50.41
2205194.0,1007.15,29.6,50.33
2206266.0,1007.17,29.6,50.74
2207338.0,1007.21,29.6,50.24
2208410.0,1007.18,29.6,50.16
2209482.0,1007.26,29.6,50.07
2210554.0,1007.14,29.6,50.33
2211626.0,1007.26,29.6,50.16
2212698.0,1007.16,29.6,50.24
2213770.0,1007.17,29.6,50.33
2214842.0,1007.22,29.6,50.24
2215914.0,1007.23,29.6,50.33
2216986.0,1007.21,29.6,50.74
2218058.0,1007.19,29.6,49.66
2219130.0,1007.21,29.6,50.49
2220202.0,1007.24,29.6,50.49
2221274.0,1007.22,29.6,50.58
2222346.0,1007.22,29.6,49.99
2223418.0,1007.21,29.6,50.49
2224490.0,1007.21,29.6,50.16
2225562.0,1007.22,29.6,50.41
2226634.0,1007.22,29.6,50.16
2227706.0,1007.22,29.6,50.58
2228778.0,1007.21,29.6,50.07
2229850.0,1007.17,29.6,50.33
2230922.0,1007.16,29.6,50.49
2231994.0,1007.2,29.6,50.66
2233066.0,1007.14,29.6,50.07
2234138.0,1007.11,29.6,50.58
2235210.0,1007.23,29.6,50.07
2236282.0,1007.22,29.6,50.58
2237354.0,1007.19,29.6,50.41
2238426.0,1007.25,29.6,50.91
2239498.0,1007.19,29.6,50.49
2240570.0,1007.23,29.6,49.99
2241642.0,1007.22,29.6,50.24
2242714.0,1007.19,29.6,50.07
2243786.0,1007.19,29.6,50.41
2244858.0,1007.23,29.6,50.74
2245930.0,1007.23,29.6,50.49
2247002.0,1007.28,29.6,50.66
2248074.0,1007.23,29.6,49.91
2249146.0,1007.22,29.6,49.99
2250218.0,1007.17,29.6,49.99
2251290.0,1007.19,29.6,50.83
2252362.0,1007.19,29.6,49.91
2253434.0,1007.23,29.6,49.82
2254506.0,1007.22,29.6,50.24
2255578.0,1007.23,29.6,49.82
2256650.0,1007.18,29.6,50.33
2257722.0,1007.22,29.6,50.74
2258794.0,1007.18,29.6,50.58
2259866.0,1007.17,29.6,50.49
2260938.0,1007.26,29.6,50.41
2262010.0,1007.15,29.6,50.33
2263082.0,1007.15,29.6,50.41
2264154.0,1007.23,29.6,50.49
2265226.0,1007.24,29.6,50.07
2266298.0,1007.25,29.6,50.07
2267370.0,1007.24,29.6,50.41
2268442.0,1007.26,29.6,50.91
2269514.0,1007.23,29.6,49.82
2270586.0,1007.26,29.6,50.49
2271658.0,1007.23,29.6,49.57
2272730.0,1007.2,29.6,49.74
2273802.0,1007.26,29.6,50.41
2274874.0,1007.23,29.6,50.16
2275946.0,1007.18,29.6,49.99
2277018.0,1007.26,29.6,50.58
2278090.0,1007.18,29.6,50.83
2279162.0,1007.23,29.6,50.33
2280234.0,1007.21,29.6,50.16
2281306.0,1007.18,29.6,50.58
2282378.0,1007.21,29.6,49.74
2283450.0,1007.23,29.6,50.07
2284522.0,1007.22,29.6,50.58
2285594.0,1007.15,29.6,50.41
2286666.0,1007.23,29.6,50.83
2287738.0,1007.14,29.6,50.41
2288810.0,1007.18,29.6,50.16
2289882.0,1007.26,29.6,50.58
2290954.0,1007.25,29.6,50.66
2292026.0,1007.2,29.6,50.74
2293098.0,1007.18,29.6,50.41
2294170.0,1007.23,29.6,49.74
2295242.0,1007.24,29.6,50.16
2296314.0,1007.25,29.6,50.74
2297386.0,1007.25,29.6,50.16
2298458.0,1007.23,29.6,49.74
2299530.0,1007.24,29.6,50.33
2300602.0,1007.22,29.6,50.24
2301674.0,1007.19,29.6,49.91
2302746.0,1007.23,29.6,49.99
2303818.0,1007.21,29.6,49.99
2304890.0,1007.24,29.6,49.74
2305962.0,1007.19,29.6,50.41
2307034.0,1007.24,29.6,50.24
2308106.0,1007.19,29.6,50.24
2309178.0,1007.19,29.6,50.91
2310250.0,1007.22,29.6,50.74
2311322.0,1007.28,29.6,50.07
2312394.0,1007.18,29.6,50.33
2313466.0,1007.19,29.6,50.33
2314538.0,1007.18,29.6,50.83
2315610.0,1007.2,29.6,50.41
2316682.0,1007.17,29.6,50.49
2317754.0,1007.19,29.6,50.07
2318826.0,1007.2,29.6,50.41
2319898.0,1007.22,29.6,50.24
2320970.0,1007.24,29.6,50.24
2322042.0,1007.21,29.6,49.99
2323114.0,1007.19,29.6,49.91
2324186.0,1007.26,29.6,49.66
2325258.0,1007.25,29.6,49.99
2326330.0,1007.23,29.6,50.07
2327402.0,1007.25,29.6,50.07
2328474.0,1007.21,29.6,50.58
2329546.0,1007.21,29.6,50.07
2330618.0,1007.22,29.6,50.07
2331690.0,1007.19,29.6,49.99
2332762.0,1007.29,29.6,50.24
2333834.0,1007.24,29.6,49.99
2334906.0,1007.25,29.6,49.91
2335978.0,1007.26,29.6,50.07
2337050.0,1007.19,29.6,50.16
2338122.0,1007.22,29.6,49.57
2339194.0,1007.21,29.6,50.41
2340266.0,1007.23,29.6,50.33
2341338.0,1007.28,29.6,49.99
2342410.0,1007.28,29.6,50.41
2343482.0,1007.18,29.6,49.99
2344554.0,1007.25,29.6,50.24
2345626.0,1007.17,29.6,50.41
2346698.0,1007.25,29.6,50.24
2347770.0,1007.12,29.6,50.58
2348842.0,1007.25,29.6,49.99
2349914.0,1007.23,29.6,50.24
2350986.0,1007.24,29.6,50.07
2352058.0,1007.19,29.6,50.49
2353130.0,1007.17,29.6,50.49
2354202.0,1007.18,29.6,50.16
2355274.0,1007.18,29.6,50.49
2356346.0,1007.26,29.6,49.99
2357418.0,1007.21,29.6,50.16
2358490.0,1007.2,29.6,50.07
2359562.0,1007.24,29.6,50.24
2360634.0,1007.25,29.6,50.24
2361706.0,1007.2,29.6,51.08
2362778.0,1007.24,29.6,50.24
2363850.0,1007.24,29.6,50.24
2364922.0,1007.25,29.6,49.91
2365994.0,1007.24,29.6,50.24
2367066.0,1007.17,29.6,50.74
2368138.0,1007.21,29.6,50.33
2369210.0,1007.21,29.6,50.24
2370282.0,1007.19,29.6,50.49
2371354.0,1007.22,29.6,50.07
2372426.0,1007.18,29.6,50.83
2373498.0,1007.15,29.6,50.66
2374570.0,1007.24,29.6,50.33
2375642.0,1007.26,29.6,50.24
2376714.0,1007.23,29.6,50.24
2377786.0,1007.26,29.6,50.33
2378858.0,1007.18,29.6,50.74
2379930.0,1007.15,29.6,49.82
2381002.0,1007.23,29.6,50.66
2382074.0,1007.21,29.6,50.24
2383146.0,1007.19,29.6,51.08
2384218.0,1007.17,29.6,50.91
2385290.0,1007.26,29.6,50.58
2386362.0,1007.2,29.6,50.41
2387434.0,1007.14,29.6,50.66
2388506.0,1007.17,29.6,50.24
2389578.0,1007.14,29.6,50.24
2390650.0,1007.25,29.6,50.16
2391722.0,1007.24,29.6,50.91
2392794.0,1007.14,29.6,50.66
2393866.0,1007.2,29.6,50.24
2394938.0,1007.14,29.6,50.33
2396010.0,1007.17,29.6,50.16
2397082.0,1007.13,29.6,51.5
2398154.0,1007.15,29.6,50.33
2399226.0,1007.16,29.6,50.49
2400298.0,1007.2,29.6,50.58
2401370.0,1007.27,29.6,49.82
2402442.0,1007.15,29.6,50.58
2403514.0,1007.25,29.6,50.83
2404586.0,1007.18,29.6,50.49
2405658.0,1007.18,29.6,50.49
2406730.0,1007.14,29.6,50.91
2407802.0,1007.17,29.6,50.33
2408874.0,1007.17,29.6,50.66
2409946.0,1007.17,29.6,50.33
2411018.0,1007.2,29.6,50.16
2412090.0,1007.22,29.6,50.33
2413162.0,1007.27,29.6,50.91
2414234.0,1007.15,29.6,50.83
2415306.0,1007.21,29.6,50.33
2416378.0,1007.19,29.6,50.66
2417450.0,1007.22,29.6,49.91
2418522.0,1007.26,29.6,50.16
2419594.0,1007.22,29.6,50.74
2420666.0,1007.21,29.6,50.07
2421738.0,1007.16,29.6,50.58
2422810.0,1007.2,29.6,50.41
2423882.0,1007.18,29.6,49.74
2424954.0,1007.17,29.6,50.33
2426026.0,1007.2,29.6,50.74
2427098.0,1007.15,29.6,50.41
2428170.0,1007.17,29.6,50.49
2429242.0,1007.17,29.6,50.49
2430314.0,1007.18,29.6,50.49
2431386.0,1007.19,29.6,50.41
2432458.0,1007.23,29.6,49.99
2433530.0,1007.18,29.6,50.24
2434602.0,1007.2,29.6,50.24
2435674.0,1007.21,29.6,50.41
2436746.0,1007.27,29.6,50.41
2437818.0,1007.22,29.6,50.41
2438890.0,1007.21,29.6,50.66
2439962.0,1007.2,29.6,50.41
2441034.0,1007.22,29.6,50.07
2442106.0,1007.21,29.6,50.16
2443178.0,1007.21,29.6,50.91
2444250.0,1007.27,29.6,49.74
2445322.0,1007.17,29.6,49.99
2446394.0,1007.26,29.6,50.49
2447466.0,1007.17,29.6,49.82
2448538.0,1007.19,29.6,50.41
2449610.0,1007.2,29.6,50.58
2450682.0,1007.17,29.6,50.49
2451754.0,1007.21,29.6,49.82
2452826.0,1007.23,29.6,50.33
2453898.0,1007.17,29.6,49.99
2454970.0,1007.26,29.6,50.58
2456042.0,1007.22,29.6,50.41
2457114.0,1007.16,29.6,50.74
2458186.0,1007.22,29.6,50.91
2459258.0,1007.17,29.6,50.07
2460330.0,1007.23,29.6,50.99
2461402.0,1007.21,29.6,50.91
2462474.0,1007.2,29.6,50.24
2463546.0,1007.23,29.6,50.16
2464618.0,1007.24,29.6,50.74
2465690.0,1007.23,29.6,50.07
2466762.0,1007.15,29.6,50.07
2467834.0,1007.22,29.6,50.58
2468906.0,1007.2,29.6,49.99
2469978.0,1007.24,29.6,49.99
2471050.0,1007.27,29.6,49.99
2472122.0,1007.25,29.6,50.16
2473194.0,1007.26,29.6,50.41
2474266.0,1007.14,29.6,50.66
2475338.0,1007.21,29.6,49.49
2476410.0,1007.23,29.6,50.24
2477482.0,1007.28,29.6,50.24
2478554.0,1007.22,29.6,50.41
2479626.0,1007.25,29.6,49.99
2480698.0,1007.21,29.6,49.99
2481770.0,1007.26,29.6,50.49
2482842.0,1007.25,29.6,49.74
2483914.0,1007.22,29.6,50.16
2484986.0,1007.25,29.6,49.15
2486058.0,1007.23,29.6,50.24
2487130.0,1007.25,29.6,50.24
2488202.0,1007.16,29.6,49.91
2489274.0,1007.27,29.6,49.91
2490346.0,1007.3,29.6,50.07
2491418.0,1007.12,29.6,50.99
2492490.0,1007.22,29.6,50.07
2493562.0,1007.24,29.6,50.07
2494634.0,1007.23,29.6,50.07
2495706.0,1007.2,29.6,49.49
2496778.0,1007.26,29.6,50.07
2497850.0,1007.24,29.6,50.33
2498922.0,1007.19,29.6,50.33
2499994.0,1007.27,29.6,50.24
2501066.0,1007.21,29.6,50.33
2502138.0,1007.25,29.6,49.66
2503210.0,1007.24,29.6,50.24
2504282.0,1007.14,29.6,49.57
2505354.0,1007.24,29.6,50.66
2506426.0,1007.22,29.6,49.91
2507498.0,1007.22,29.6,50.07
2508570.0,1007.28,29.6,50.41
2509642.0,1007.21,29.6,49.99
2510714.0,1007.25,29.6,50.58
2511786.0,1007.3,29.6,50.66
2512858.0,1007.17,29.6,50.16
2513930.0,1007.18,29.6,50.74
2515002.0,1007.32,29.6,49.24
2516074.0,1007.19,29.6,50.07
2517146.0,1007.19,29.6,49.82
2518218.0,1007.23,29.6,50.07
2519290.0,1007.22,29.6,50.16
2520362.0,1007.19,29.6,49.74
2521434.0,1007.27,29.7,50.07
2522506.0,1007.19,29.6,50.41
2523578.0,1007.23,29.6,49.99
2524650.0,1007.25,29.6,50.24
2525722.0,1007.2,29.7,50.49
2526794.0,1007.2,29.6,50.07
2527866.0,1007.17,29.6,49.66
2528938.0,1007.27,29.7,49.91
2530010.0,1007.25,29.6,50.33
2531082.0,1007.26,29.6,49.66
2532154.0,1007.22,29.6,49.74
2533226.0,1007.23,29.6,50.58
2534298.0,1007.32,29.6,50.07
2535370.0,1007.12,29.6,50.07
2536442.0,1007.19,29.6,49.74
2537514.0,1007.24,29.6,49.57
2538586.0,1007.23,29.6,49.74
2539658.0,1007.16,29.6,50.58
2540730.0,1007.24,29.6,49.91
2541802.0,1007.2,29.6,49.99
2542874.0,1007.17,29.6,49.99
2543946.0,1007.26,29.6,50.33
2545018.0,1007.26,29.6,50.33
2546090.0,1007.24,29.6,50.16
2547162.0,1007.18,29.6,49.82
2548234.0,1007.19,29.6,50.41
2549306.0,1007.14,29.6,50.07
2550378.0,1007.15,29.6,50.66
2551450.0,1007.21,29.6,50.16
2552522.0,1007.2,29.6,50.07
2553594.0,1007.26,29.6,50.24
2554666.0,1007.22,29.6,50.41
2555738.0,1007.19,29.6,49.32
2556810.0,1007.21,29.6,49.99
2557882.0,1007.19,29.6,49.91
2558954.0,1007.21,29.6,50.33
2560026.0,1007.21,29.6,50.24
2561098.0,1007.3,29.6,50.16
2562170.0,1007.25,29.6,50.33
2563242.0,1007.24,29.6,50.07
2564314.0,1007.28,29.6,50.58
2565386.0,1007.28,29.6,50.49
2566458.0,1007.26,29.6,50.07
2567530.0,1007.25,29.6,50.49
2568602.0,1007.2,29.6,50.16
2569674.0,1007.21,29.6,50.16
2570746.0,1007.21,29.6,50.49
2571818.0,1007.1,29.6,50.66
2572890.0,1007.15,29.6,50.83
2573962.0,1007.2,29.6,50.66
2575034.0,1007.19,29.6,50.58
2576106.0,1007.2,29.6,49.82
2577178.0,1007.27,29.6,49.91
2578250.0,1007.23,29.6,50.16
2579322.0,1007.22,29.6,49.99
2580394.0,1007.24,29.6,50.07
2581466.0,1007.28,29.6,49.74
2582538.0,1007.23,29.6,50.74
2583610.0,1007.17,29.6,50.24
2584682.0,1007.26,29.6,49.91
2585754.0,1007.2,29.6,50.83
2586826.0,1007.19,29.6,50.66
2587898.0,1007.2,29.6,50.58
2588970.0,1007.17,29.6,49.99
2590042.0,1007.19,29.6,50.83
2591114.0,1007.15,29.6,49.91
2592186.0,1007.14,29.6,50.07
2593258.0,1007.18,29.6,50.49
2594330.0,1007.19,29.6,50.41
2595402.0,1007.18,29.6,51.08
2596474.0,1007.26,29.6,50.74
2597546.0,1007.19,29.6,50.16
2598618.0,1007.24,29.6,50.74
2599690.0,1007.25,29.6,50.66
2600762.0,1007.15,29.6,50.24
2601834.0,1007.16,29.6,50.24
2602906.0,1007.26,29.6,49.99
2603978.0,1007.21,29.6,50.83
2605050.0,1007.25,29.6,50.49
2606122.0,1007.16,29.6,49.91
2607194.0,1007.26,29.6,50.24
2608266.0,1007.24,29.6,50.33
2609338.0,1007.19,29.6,50.24
2610410.0,1007.15,29.6,50.16
2611482.0,1007.24,29.6,50.49
2612554.0,1007.2,29.6,49.91
2613626.0,1007.23,29.6,50.33
2614698.0,1007.25,29.6,50.74
2615770.0,1007.29,29.6,49.91
2616842.0,1007.19,29.6,50.24
2617914.0,1007.14,29.6,50.33
2618986.0,1007.17,29.6,50.99
2620058.0,1007.16,29.6,50.83
2621130.0,1007.27,29.6,50.33
2622202.0,1007.27,29.6,49.82
2623274.0,1007.28,29.6,50.49
2624346.0,1007.17,29.6,50.16
2625418.0,1007.26,29.6,50.07
2626490.0,1007.17,29.6,50.91
2627562.0,1007.18,29.6,50.24
2628634.0,1007.23,29.7,49.91
2629706.0,1007.28,29.6,50.24
2630778.0,1007.13,29.6,50.74
2631850.0,1007.25,29.6,49.99
2632922.0,1007.23,29.6,50.24
2633994.0,1007.2,29.6,50.41
2635066.0,1007.2,29.6,50.24
2636138.0,1007.16,29.6,50.24
2637210.0,1007.21,29.6,50.66
2638282.0,1007.23,29.6,49.82
2639354.0,1007.22,29.6,49.99
2640426.0,1007.16,29.6,50.33
2641498.0,1007.18,29.6,50.66
2642570.0,1007.28,29.6,50.58
2643642.0,1007.3,29.6,50.49
2644714.0,1007.27,29.6,50.33
2645786.0,1007.24,29.6,50.74
2646858.0,1007.17,29.6,51.08
2647930.0,1007.22,29.6,50.83
2649002.0,1007.18,29.6,50.24
2650074.0,1007.15,29.6,50.74
2651146.0,1007.17,29.6,50.58
2652218.0,1007.19,29.6,50.91
2653290.0,1007.2,29.6,50.74
2654362.0,1007.21,29.6,50.24
2655434.0,1007.21,29.6,50.91
2656506.0,1007.23,29.6,50.07
2657578.0,1007.19,29.6,50.58
2658650.0,1007.21,29.6,50.16
2659722.0,1007.21,29.6,50.74
2660794.0,1007.25,29.6,50.24
2661866.0,1007.13,29.6,51.08
2662938.0,1007.15,29.6,50.07
2664010.0,1007.19,29.6,50.33
2665082.0,1007.17,29.6,50.99
2666154.0,1007.2,29.6,50.16
2667226.0,1007.18,29.6,50.07
2668298.0,1007.23,29.6,50.41
2669370.0,1007.21,29.6,50.24
2670442.0,1007.2,29.6,50.49
2671514.0,1007.22,29.6,50.83
2672586.0,1007.21,29.6,50.24
2673658.0,1007.28,29.6,49.99
2674730.0,1007.23,29.6,50.83
2675802.0,1007.21,29.6,49.91
2676874.0,1007.25,29.6,49.82
2677946.0,1007.19,29.6,50.16
2679018.0,1007.2,29.6,50.66
2680090.0,1007.13,29.6,50.58
2681162.0,1007.23,29.6,50.41
2682234.0,1007.2,29.6,51.08
2683306.0,1007.21,29.6,50.49
2684378.0,1007.19,29.6,50.49
2685450.0,1007.19,29.6,50.49
2686522.0,1007.22,29.6,50.07
2687594.0,1007.19,29.6,50.16
2688666.0,1007.21,29.6,50.49
2689738.0,1007.22,29.6,50.58
2690810.0,1007.24,29.6,50.91
2691882.0,1007.2,29.6,50.91
2692954.0,1007.26,29.6,50.07
2694026.0,1007.19,29.6,50.83
2695098.0,1007.2,29.6,50.41
2696170.0,1007.27,29.6,50.83
2697242.0,1007.21,29.6,50.07
2698314.0,1007.13,29.6,50.49
2699386.0,1007.19,29.6,50.41
2700458.0,1007.16,29.6,50.24
2701530.0,1007.28,29.6,50.24
2702602.0,1007.21,29.6,50.66
2703674.0,1007.24,29.6,49.57
2704746.0,1007.22,29.6,49.82
2705818.0,1007.23,29.6,50.16
2706890.0,1007.24,29.6,49.66
2707962.0,1007.24,29.6,49.99
2709034.0,1007.21,29.6,50.41
2710106.0,1007.22,29.6,49.99
2711178.0,1007.24,29.6,49.49
2712250.0,1007.28,29.6,49.82
2713322.0,1007.21,29.6,49.91
2714394.0,1007.25,29.6,50.49
2715466.0,1007.24,29.6,49.91
2716538.0,1007.24,29.6,49.82
2717610.0,1007.27,29.6,49.66
2718682.0,1007.17,29.6,50.16
2719754.0,1007.19,29.6,49.91
2720826.0,1007.16,29.6,50.33
2721898.0,1007.19,29.6,50.07
2722970.0,1007.15,29.6,50.07
2724042.0,1007.14,29.6,50.33
2725114.0,1007.27,29.6,50.24
2726186.0,1007.21,29.6,49.99
2727258.0,1007.23,29.6,49.66
2728330.0,1007.22,29.6,49.99
2729402.0,1007.21,29.6,50.24
2730474.0,1007.27,29.6,50.58
2731546.0,1007.25,29.6,49.32
2732618.0,1007.18,29.6,50.24
2733690.0,1007.21,29.6,50.24
2734762.0,1007.22,29.6,50.16
2735834.0,1007.22,29.6,49.74
2736906.0,1007.19,29.6,49.4
2737978.0,1007.27,29.6,50.41
2739050.0,1007.36,29.6,49.91
2740122.0,1007.27,29.6,50.24
2741194.0,1007.29,29.6,49.74
2742266.0,1007.24,29.6,50.07
2743338.0,1007.17,29.6,50.41
2744410.0,1007.21,29.6,50.24
2745482.0,1007.2,29.6,50.99
2746554.0,1007.19,29.6,49.4
2747626.0,1007.17,29.6,50.33
2748698.0,1007.17,29.6,49.99
2749770.0,1007.26,29.6,49.74
2750842.0,1007.19,29.6,49.66
2751914.0,1007.25,29.6,49.74
2752986.0,1007.21,29.6,50.24
2754058.0,1007.17,29.6,50.91
2755130.0,1007.18,29.6,50.24
2756202.0,1007.3,29.6,49.66
2757274.0,1007.25,29.6,49.74
2758346.0,1007.19,29.6,49.66
2759418.0,1007.18,29.6,50.33
2760490.0,1007.21,29.6,50.33
2761562.0,1007.23,29.6,50.41
2762634.0,1007.19,29.6,50.58
2763706.0,1007.21,29.6,50.16
2764778.0,1007.21,29.6,50.24
2765850.0,1007.19,29.6,50.41
2766922.0,1007.22,29.6,49.57
2767994.0,1007.26,29.6,50.07
2769066.0,1007.2,29.6,50.41
2770138.0,1007.21,29.6,49.74
2771210.0,1007.22,29.6,49.91
2772282.0,1007.25,29.6,49.74
2773354.0,1007.24,29.6,50.07
2774426.0,1007.28,29.6,49.74
2775498.0,1007.23,29.6,50.24
2776570.0,1007.22,29.6,50.58
2777642.0,1007.27,29.6,50.07
2778714.0,1007.2,29.6,49.66
2779786.0,1007.23,29.6,49.57
2780858.0,1007.28,29.6,50.07
2781930.0,1007.25,29.6,49.99
2783002.0,1007.28,29.6,49.32
2784074.0,1007.23,29.6,49.57
2785146.0,1007.17,29.6,50.41
2786218.0,1007.12,29.6,50.16
2787290.0,1007.21,29.6,49.99
2788362.0,1007.21,29.6,50.24
2789434.0,1007.28,29.6,50.33
2790506.0,1007.2,29.6,49.91
2791578.0,1007.25,29.6,50.07
2792650.0,1007.21,29.6,50.49
2793722.0,1007.21,29.6,49.91
2794794.0,1007.23,29.6,50.58
2795866.0,1007.15,29.7,49.82
2796938.0,1007.23,29.6,50.24
2798010.0,1007.27,29.7,49.82
2799082.0,1007.16,29.7,49.74
2800154.0,1007.27,29.6,49.91
2801226.0,1007.22,29.7,50.24
2802298.0,1007.24,29.7,50.33
2803370.0,1007.24,29.7,51.08
2804442.0,1007.22,29.7,49.99
2805514.0,1007.28,29.7,49.49
2806586.0,1007.21,29.7,49.91
2807658.0,1007.22,29.7,49.82
2808730.0,1007.29,29.7,49.4
2809802.0,1007.27,29.7,50.33
2810874.0,1007.22,29.7,50.24
2811946.0,1007.26,29.7,50.33
2813018.0,1007.26,29.7,50.41
2814090.0,1007.2,29.7,50.07
2815162.0,1007.25,29.7,49.99
2816234.0,1007.23,29.7,49.74
2817306.0,1007.21,29.7,49.74
2818378.0,1007.23,29.7,49.99
2819450.0,1007.3,29.7,49.91
2820522.0,1007.23,29.7,49.74
2821594.0,1007.24,29.7,49.91
2822666.0,1007.21,29.7,50.24
2823738.0,1007.24,29.7,50.33
2824810.0,1007.35,29.7,49.99
2825882.0,1007.24,29.7,50.16
2826954.0,1007.22,29.7,50.16
2828026.0,1007.29,29.7,49.57
2829098.0,1007.24,29.7,50.07
2830170.0,1007.2,29.7,49.91
2831242.0,1007.3,29.7,49.32
2832314.0,1007.25,29.7,50.33
2833386.0,1007.23,29.7,50.16
2834458.0,1007.31,29.7,50.41
2835530.0,1007.28,29.7,49.91
2836602.0,1007.16,29.7,50.07
2837674.0,1007.27,29.7,49.91
2838746.0,1007.32,29.7,50.16
2839818.0,1007.22,29.7,50.41
2840890.0,1007.24,29.7,49.91
2841962.0,1007.26,29.7,50.24
2843034.0,1007.31,29.7,49.74
2844106.0,1007.27,29.7,49.74
2845178.0,1007.29,29.7,50.16
2846250.0,1007.33,29.7,49.32
2847322.0,1007.38,29.7,49.99
2848394.0,1007.3,29.7,49.99
2849466.0,1007.18,29.7,49.91
2850538.0,1007.24,29.7,49.74
2851610.0,1007.24,29.7,50.16
2852682.0,1007.28,29.7,49.99
2853754.0,1007.29,29.7,49.91
2854826.0,1007.25,29.7,50.07
2855898.0,1007.25,29.7,50.41
2856970.0,1007.21,29.7,50.24
2858042.0,1007.21,29.7,49.66
2859114.0,1007.21,29.7,49.74
2860186.0,1007.33,29.7,50.24
2861258.0,1007.25,29.7,49.74
2862330.0,1007.26,29.7,49.74
2863402.0,1007.36,29.7,50.24
2864474.0,1007.27,29.7,49.57
2865546.0,1007.19,29.7,50.33
2866618.0,1007.31,29.7,49.24
2867690.0,1007.34,29.7,49.74
2868762.0,1007.25,29.7,49.57
2869834.0,1007.24,29.7,49.66
2870906.0,1007.28,29.7,49.4
2871978.0,1007.28,29.7,49.82
2873050.0,1007.25,29.7,50.24
2874122.0,1007.13,29.7,50.58
2875194.0,1007.18,29.7,50.07
2876266.0,1007.27,29.7,50.33
2877338.0,1007.24,29.7,50.41
2878410.0,1007.31,29.7,49.82
2879482.0,1007.28,29.7,49.91
2880554.0,1007.3,29.7,49.82
2881626.0,1007.2,29.7,49.32
2882698.0,1007.26,29.7,50.24
2883770.0,1007.29,29.7,50.41
2884842.0,1007.24,29.7,50.07
2885914.0,1007.24,29.7,49.57
2886986.0,1007.29,29.7,49.74
2888058.0,1007.25,29.7,50.58
2889130.0,1007.21,29.7,50.24
2890202.0,1007.24,29.7,49.66
2891274.0,1007.23,29.7,50.41
2892346.0,1007.25,29.7,50.24
2893418.0,1007.24,29.7,50.41
2894490.0,1007.28,29.7,49.99
2895562.0,1007.29,29.7,49.82
2896634.0,1007.23,29.7,49.82
2897706.0,1007.23,29.7,50.33
2898778.0,1007.28,29.7,50.41
2899850.0,1007.21,29.7,50.41
2900922.0,1007.16,29.7,50.74
2901994.0,1007.18,29.7,50.24
2903066.0,1007.27,29.7,50.24
2904138.0,1007.14,29.7,49.57
2905210.0,1007.2,29.7,49.57
2906282.0,1007.26,29.7,50.83
2907354.0,1007.26,29.7,49.91
2908426.0,1007.26,29.7,49.57
2909498.0,1007.23,29.7,50.07
2910570.0,1007.23,29.7,50.33
2911642.0,1007.17,29.7,49.57
2912714.0,1007.28,29.7,49.57
2913786.0,1007.29,29.7,49.82
2914858.0,1007.34,29.7,49.57
2915930.0,1007.26,29.7,49.91
2917002.0,1007.26,29.7,50.24
2918074.0,1007.3,29.7,49.99
2919146.0,1007.25,29.7,50.16
2920218.0,1007.22,29.7,49.74
2921290.0,1007.24,29.7,49.91
2922362.0,1007.25,29.7,50.49
2923434.0,1007.23,29.7,49.66
2924506.0,1007.2,29.7,50.07
2925578.0,1007.3,29.7,49.99
2926650.0,1007.26,29.7,50.41
2927722.0,1007.29,29.7,49.74
2928794.0,1007.21,29.7,50.16
2929866.0,1007.25,29.7,50.24
2930938.0,1007.23,29.7,50.07
2932010.0,1007.27,29.7,49.82
2933082.0,1007.28,29.7,49.66
2934154.0,1007.24,29.7,49.57
2935226.0,1007.2,29.7,49.49
2936298.0,1007.29,29.7,49.82
2937370.0,1007.26,29.7,49.99
2938442.0,1007.25,29.7,49.82
2939514.0,1007.25,29.7,49.99
2940586.0,1007.31,29.7,49.74
2941658.0,1007.27,29.7,50.58
2942730.0,1007.3,29.6,49.82
2943802.0,1007.25,29.6,49.74
2944874.0,1007.26,29.7,49.24
2945946.0,1007.27,29.6,49.57
2947018.0,1007.27,29.7,50.16
2948090.0,1007.26,29.6,50.07
2949162.0,1007.3,29.7,49.66
2950234.0,1007.21,29.6,49.82
2951306.0,1007.22,29.6,49.99
2952378.0,1007.28,29.6,50.24
2953450.0,1007.25,29.6,49.74
2954522.0,1007.23,29.6,49.91
2955594.0,1007.27,29.6,50.07
2956666.0,1007.21,29.6,49.32
2957738.0,1007.21,29.6,49.82
2958810.0,1007.2,29.6,50.24
2959882.0,1007.24,29.6,49.99
2960954.0,1007.27,29.6,50.41
2962026.0,1007.24,29.7,50.41
2963098.0,1007.26,29.6,49.91
2964170.0,1007.25,29.6,49.99
2965242.0,1007.25,29.6,49.74
2966314.0,1007.15,29.7,50.07
2967386.0,1007.23,29.6,49.66
2968458.0,1007.28,29.7,50.66
2969530.0,1007.31,29.6,49.99
2970602.0,1007.27,29.7,49.82
2971674.0,1007.27,29.6,50.41
2972746.0,1007.34,29.7,49.82
2973818.0,1007.21,29.7,49.4
2974890.0,1007.26,29.6,49.91
2975962.0,1007.28,29.7,50.41
2977034.0,1007.25,29.7,49.82
2978106.0,1007.28,29.7,49.66
2979178.0,1007.23,29.7,49.49
2980250.0,1007.28,29.7,49.74
2981322.0,1007.32,29.7,49.49
2982394.0,1007.33,29.7,49.82
2983466.0,1007.24,29.7,49.57
2984538.0,1007.23,29.7,49.74
2985610.0,1007.24,29.7,49.49
2986682.0,1007.3,29.7,49.74
2987754.0,1007.29,29.7,49.07
2988826.0,1007.3,29.7,49.82
2989898.0,1007.32,29.7,49.49
2990970.0,1007.21,29.7,49.32
2992042.0,1007.35,29.6,49.07
2993114.0,1007.3,29.6,49.49
2994186.0,1007.3,29.7,49.15
2995258.0,1007.28,29.7,49.49
2996330.0,1007.29,29.7,49.49
2997402.0,1007.32,29.7,49.82
2998474.0,1007.29,29.7,49.74
2999546.0,1007.31,29.6,49.74
3000618.0,1007.36,29.7,49.15
3001690.0,1007.31,29.7,49.82
3002762.0,1007.22,29.6,49.74
3003834.0,1007.29,29.6,49.91
3004906.0,1007.29,29.7,49.49
3005978.0,1007.26,29.7,49.32
3007050.0,1007.32,29.7,49.24
3008122.0,1007.27,29.7,49.15
3009194.0,1007.28,29.6,49.15
3010266.0,1007.25,29.6,49.49
3011338.0,1007.24,29.7,49.74
3012410.0,1007.38,29.6,49.91
3013482.0,1007.35,29.6,49.82
3014554.0,1007.29,29.7,49.24
3015626.0,1007.32,29.6,49.74
3016698.0,1007.28,29.6,49.91
3017770.0,1007.27,29.6,49.49
3018842.0,1007.39,29.6,49.15
3019914.0,1007.29,29.6,49.74
3020986.0,1007.28,29.6,49.07
3022058.0,1007.27,29.6,49.24
3023130.0,1007.35,29.6,49.32
3024202.0,1007.35,29.6,49.24
3025274.0,1007.26,29.6,49.24
3026346.0,1007.31,29.6,49.49
3027418.0,1007.28,29.6,49.99
3028490.0,1007.3,29.6,49.32
3029562.0,1007.29,29.6,49.66
3030634.0,1007.19,29.6,49.82
3031706.0,1007.26,29.6,49.74
3032778.0,1007.33,29.6,49.82
3033850.0,1007.21,29.6,50.24
3034922.0,1007.29,29.6,49.82
3035994.0,1007.31,29.6,49.74
3037066.0,1007.27,29.6,49.57
3038138.0,1007.29,29.6,49.74
3039210.0,1007.23,29.6,50.07
3040282.0,1007.32,29.6,49.99
3041354.0,1007.27,29.6,49.49
3042426.0,1007.29,29.6,50.74
3043498.0,1007.32,29.6,49.49
3044570.0,1007.25,29.6,49.32
3045642.0,1007.25,29.6,49.82
3046714.0,1007.27,29.6,49.82
3047786.0,1007.29,29.6,49.91
3048858.0,1007.35,29.6,49.07
3049930.0,1007.33,29.6,49.66
3051002.0,1007.26,29.6,49.66
3052074.0,1007.26,29.6,49.4
3053146.0,1007.23,29.6,49.4
3054218.0,1007.38,29.6,50.49
3055290.0,1007.23,29.7,49.91
3056362.0,1007.32,29.7,49.57
3057434.0,1007.24,29.8,49.66
3058506.0,1007.28,29.8,49.99
3059578.0,1007.25,29.9,49.99
3060650.0,1007.27,30.0,50.16
3061722.0,1007.24,30.0,49.4
3062794.0,1007.31,30.1,49.82
3063866.0,1007.25,30.1,49.66
3064938.0,1007.25,30.2,49.66
3066010.0,1007.34,30.2,49.74
3067082.0,1007.23,30.2,49.82
3068154.0,1007.3,30.3,50.58
3069226.0,1007.23,30.3,50.49
3070298.0,1007.21,30.3,49.74
3071370.0,1007.28,30.3,49.66
3072442.0,1007.25,30.3,49.99
3073514.0,1007.23,30.2,50.24
3074586.0,1007.21,30.2,49.91
3075658.0,1007.34,30.2,49.82
3076730.0,1007.28,30.1,49.49
3077802.0,1007.26,30.1,50.07
3078874.0,1007.28,30.1,49.57
3079946.0,1007.32,30.1,49.24
3081018.0,1007.33,30.0,49.74
3082090.0,1007.26,30.0,49.91
3083162.0,1007.31,30.0,49.91
3084234.0,1007.21,30.0,49.91
3085306.0,1007.29,30.0,49.49
3086378.0,1007.32,29.9,49.32
3087450.0,1007.35,29.9,49.07
3088522.0,1007.3,29.9,49.66
3089594.0,1007.3,29.9,49.49
3090666.0,1007.36,29.9,49.4
3091738.0,1007.29,29.8,49.91
3092810.0,1007.35,29.8,49.82
3093882.0,1007.43,29.8,49.15
3094954.0,1007.41,29.8,48.74
3096026.0,1007.3,29.8,48.48
3097098.0,1007.36,29.8,49.07
3098170.0,1007.42,29.8,48.99
3099242.0,1007.42,29.8,49.07
3100314.0,1007.36,29.8,48.48
3101386.0,1007.37,29.8,48.82
3102458.0,1007.42,29.7,47.98
3103530.0,1007.38,29.7,48.23
3104602.0,1007.47,29.7,48.65
3105674.0,1007.49,29.7,47.73
3106746.0,1007.5,29.7,47.73
3107818.0,1007.6,29.6,47.9
3108890.0,1007.52,29.6,47.73
3109962.0,1007.61,29.6,47.4
3111034.0,1007.6,29.6,46.73
3112106.0,1007.71,29.6,46.73
3113178.0,1007.65,29.6,46.48
3114250.0,1007.65,29.5,46.64
3115322.0,1007.64,29.5,46.48
3116394.0,1007.68,29.5,46.39
3117466.0,1007.69,29.5,46.64
3118538.0,1007.69,29.5,46.14
3119610.0,1007.75,29.5,46.31
3120682.0,1007.6,29.5,46.39
3121754.0,1007.62,29.5,46.9
3122826.0,1007.58,29.5,46.73
3123898.0,1007.64,29.5,46.06
3124970.0,1007.73,29.4,46.56
3126042.0,1007.67,29.4,46.56
3127114.0,1007.68,29.4,46.81
3128186.0,1007.67,29.4,46.14
3129258.0,1007.66,29.4,46.23
3130330.0,1007.68,29.4,45.81
3131402.0,1007.67,29.4,46.39
3132474.0,1007.64,29.4,45.81
3133546.0,1007.7,29.4,46.39
3134618.0,1007.74,29.4,46.64
3135690.0,1007.63,29.4,46.31
3136762.0,1007.66,29.3,46.31
3137834.0,1007.69,29.3,46.23
3138906.0,1007.71,29.4,46.14
3139978.0,1007.65,29.3,46.31
3141050.0,1007.76,29.3,45.98
3142122.0,1007.64,29.3,45.73
3143194.0,1007.8,29.3,45.98
3144266.0,1007.66,29.3,45.22
3145338.0,1007.7,29.3,45.64
3146410.0,1007.78,29.3,45.89
3147482.0,1007.74,29.3,45.81
3148554.0,1007.68,29.3,46.39
3149626.0,1007.72,29.3,46.06
3150698.0,1007.72,29.3,45.73
3151770.0,1007.8,29.3,45.64
3152842.0,1007.76,29.3,45.56
3153914.0,1007.78,29.3,45.89
3154986.0,1007.7,29.3,46.14
3156058.0,1007.79,29.3,45.56
3157130.0,1007.73,29.2,45.47
3158202.0,1007.77,29.3,45.64
3159274.0,1007.73,29.3,45.39
3160346.0,1007.68,29.3,45.98
3161418.0,1007.63,29.3,46.73
3162490.0,1007.74,29.2,45.89
3163562.0,1007.71,29.2,45.64
3164634.0,1007.71,29.2,46.81
3165706.0,1007.72,29.2,46.39
3166778.0,1007.77,29.2,45.73
3167850.0,1007.67,29.2,46.14
3168922.0,1007.8,29.2,45.81
3169994.0,1007.72,29.2,45.81
3171066.0,1007.77,29.2,45.89
3172138.0,1007.74,29.2,46.48
3173210.0,1007.78,29.2,45.64
3174282.0,1007.71,29.2,46.73
3175354.0,1007.77,29.2,45.81
3176426.0,1007.73,29.2,45.81
3177498.0,1007.71,29.2,46.31
3178570.0,1007.74,29.2,46.23
3179642.0,1007.72,29.2,46.31
3180714.0,1007.68,29.2,45.56
3181786.0,1007.73,29.2,46.23
3182858.0,1007.74,29.2,46.06
3183930.0,1007.74,29.2,45.56
3185002.0,1007.67,29.2,46.23
3186074.0,1007.88,29.2,45.56
3187146.0,1007.8,29.2,45.31
3188218.0,1007.73,29.2,46.23
3189290.0,1007.66,29.2,45.89
3190362.0,1007.65,29.2,45.89
3191434.0,1007.69,29.2,46.14
3192506.0,1007.73,29.2,45.89
3193578.0,1007.74,29.2,46.14
3194650.0,1007.72,29.2,46.56
3195722.0,1007.74,29.1,45.81
3196794.0,1007.71,29.1,45.98
3197866.0,1007.76,29.1,45.98
3198938.0,1007.72,29.1,45.89
3200010.0,1007.71,29.1,46.06
3201082.0,1007.74,29.1,46.14
3202154.0,1007.71,29.1,46.14
3203226.0,1007.71,29.1,45.89
3204298.0,1007.81,29.1,45.73
3205370.0,1007.77,29.1,46.31
3206442.0,1007.75,29.1,45.06
3207514.0,1007.76,29.1,46.23
3208586.0,1007.72,29.1,46.56
3209658.0,1007.74,29.1,45.98
3210730.0,1007.71,29.1,46.14
3211802.0,1007.74,29.1,46.48
3212874.0,1007.74,29.1,45.81
3213946.0,1007.79,29.1,46.06
3215018.0,1007.78,29.1,45.56
3216090.0,1007.72,29.1,45.64
3217162.0,1007.69,29.1,45.81
3218234.0,1007.77,29.1,45.56
3219306.0,1007.77,29.1,45.73
3220378.0,1007.72,29.1,45.64
3221450.0,1007.75,29.1,45.39
3222522.0,1007.81,29.1,45.81
3223594.0,1007.76,29.1,45.81
3224666.0,1007.69,29.1,45.89
3225738.0,1007.75,29.1,46.14
3226810.0,1007.75,29.1,45.64
3227882.0,1007.76,29.1,45.39
3228954.0,1007.76,29.1,46.14
3230026.0,1007.72,29.1,46.06
3231098.0,1007.71,29.1,46.23
3232170.0,1007.8,29.1,45.89
3233242.0,1007.78,29.1,45.64
3234314.0,1007.76,29.1,45.98
3235386.0,1007.81,29.1,45.22
3236458.0,1007.74,29.1,45.73
3237530.0,1007.78,29.1,45.64
3238602.0,1007.77,29.1,45.39
3239674.0,1007.79,29.1,45.14
3240746.0,1007.78,29.1,45.81
3241818.0,1007.82,29.1,45.47
3242890.0,1007.75,29.1,45.31
3243962.0,1007.81,29.0,45.81
3245034.0,1007.74,29.1,45.64
3246106.0,1007.77,29.1,45.47
3247178.0,1007.82,29.0,45.06
3248250.0,1007.79,29.0,45.89
3249322.0,1007.77,29.0,45.64
3250394.0,1007.83,29.1,44.89
3251466.0,1007.76,29.0,45.47
3252538.0,1007.75,29.0,45.73
3253610.0,1007.81,29.1,45.22
3254682.0,1007.81,29.0,45.39
3255754.0,1007.72,29.0,45.06
3256826.0,1007.73,29.0,45.98
3257898.0,1007.81,29.0,45.22
3258970.0,1007.77,29.0,45.73
3260042.0,1007.81,29.0,45.47
3261114.0,1007.75,29.0,44.97
3262186.0,1007.7,29.0,45.56
3263258.0,1007.77,29.0,45.22
3264330.0,1007.8,29.0,46.06
3265402.0,1007.81,29.0,45.22
3266474.0,1007.79,29.0,45.39
3267546.0,1007.83,29.0,45.06
3268618.0,1007.79,29.0,45.47
3269690.0,1007.86,29.0,45.89
3270762.0,1007.85,29.0,45.73
3271834.0,1007.81,29.0,45.89
3272906.0,1007.87,29.0,45.81
3273978.0,1007.79,29.0,44.81
3275050.0,1007.66,29.0,45.81
3276122.0,1007.84,29.0,44.64
3277194.0,1007.82,29.0,45.64
3278266.0,1007.76,29.0,45.73
3279338.0,1007.77,29.0,45.64
3280410.0,1007.79,29.0,45.64
3281482.0,1007.87,29.0,44.97
3282554.0,1007.77,29.0,45.73
3283626.0,1007.87,29.0,45.89
3284698.0,1007.73,29.0,45.39
3285770.0,1007.76,29.0,45.47
3286842.0,1007.78,29.0,45.64
3287914.0,1007.82,29.0,45.56
3288986.0,1007.81,29.0,45.39
3290058.0,1007.79,29.0,45.64
3291130.0,1007.78,29.0,45.81
3292202.0,1007.83,29.0,45.73
3293274.0,1007.78,29.0,45.81
3294346.0,1007.87,29.0,45.81
3295418.0,1007.76,29.0,45.39
3296490.0,1007.83,29.0,45.56
3297562.0,1007.77,29.0,45.31
3298634.0,1007.75,29.0,45.06
3299706.0,1007.75,29.0,45.39
3300778.0,1007.78,29.0,45.39
3301850.0,1007.77,29.0,44.89
3302922.0,1007.77,29.0,45.81
3303994.0,1007.74,29.0,45.47
3305066.0,1007.77,29.0,45.14
3306138.0,1007.8,29.0,45.64
3307210.0,1007.79,29.0,45.31
3308282.0,1007.74,29.0,44.97
3309354.0,1007.76,29.0,45.98
3310426.0,1007.77,29.0,45.39
3311498.0,1007.83,29.0,45.73
3312570.0,1007.79,29.0,45.89
3313642.0,1007.77,29.0,45.81
3314714.0,1007.75,29.0,45.56
3315786.0,1007.7,29.0,45.89
3316858.0,1007.74,29.0,45.22
3317930.0,1007.74,29.0,45.56
3319002.0,1007.79,29.0,45.47
3320074.0,1007.83,29.0,45.22
3321146.0,1007.77,29.0,45.89
3322218.0,1007.75,29.0,45.73
3323290.0,1007.79,29.0,46.06
3324362.0,1007.79,29.0,45.14
3325434.0,1007.74,29.0,45.89
3326506.0,1007.81,29.0,45.81
3327578.0,1007.82,29.0,45.73
3328650.0,1007.81,29.0,45.81
3329722.0,1007.81,29.0,45.47
3330794.0,1007.75,29.0,45.56
3331866.0,1007.84,29.0,46.06
3332938.0,1007.79,29.0,45.47
3334010.0,1007.72,29.0,45.89
3335082.0,1007.81,29.0,45.64
3336154.0,1007.81,29.0,45.64
3337226.0,1007.79,29.0,45.22
3338298.0,1007.77,29.0,45.89
3339370.0,1007.77,29.0,46.06
3340442.0,1007.75,29.0,45.98
3341514.0,1007.73,29.0,45.73
3342586.0,1007.74,29.0,45.89
3343658.0,1007.78,29.0,45.56
3344730.0,1007.81,29.0,45.89
3345802.0,1007.77,29.0,45.73
3346874.0,1007.74,29.0,45.47
3347946.0,1007.81,29.0,45.22
3349018.0,1007.84,29.0,45.31
3350090.0,1007.79,29.0,45.06
3351162.0,1007.81,29.0,45.56
3352234.0,1007.8,29.0,45.56
3353306.0,1007.84,29.0,45.31
3354378.0,1007.83,29.0,45.64
3355450.0,1007.79,29.0,45.64
3356522.0,1007.8,29.0,45.56
3357594.0,1007.75,29.0,45.22
3358666.0,1007.82,29.0,45.14
3359738.0,1007.81,29.0,45.31
3360810.0,1007.79,29.0,45.14
3361882.0,1007.75,29.0,45.47
3362954.0,1007.84,29.1,45.31
3364026.0,1007.79,29.1,45.39
3365098.0,1007.81,29.1,45.06
3366170.0,1007.75,29.1,45.14
3367242.0,1007.78,29.1,45.31
3368314.0,1007.81,29.1,45.14
3369386.0,1007.8,29.1,44.89
3370458.0,1007.79,29.1,45.56
3371530.0,1007.75,29.1,45.22
3372602.0,1007.78,29.1,45.47
3373674.0,1007.76,29.1,45.47
3374746.0,1007.81,29.1,45.64
3375818.0,1007.74,29.1,45.56
3376890.0,1007.73,29.1,45.31
3377962.0,1007.79,29.1,45.39
3379034.0,1007.78,29.1,45.81
3380106.0,1007.86,29.1,45.89
3381178.0,1007.88,29.1,45.14
3382250.0,1007.79,29.1,45.73
3383322.0,1007.84,29.1,45.31
3384394.0,1007.79,29.1,45.47
3385466.0,1007.84,29.1,45.47
3386538.0,1007.74,29.1,44.81
3387610.0,1007.78,29.1,45.06
3388682.0,1007.77,29.1,45.73
3389754.0,1007.76,29.1,45.39
3390826.0,1007.83,29.1,45.81
3391898.0,1007.79,29.1,45.73
3392970.0,1007.79,29.1,45.06
3394042.0,1007.89,29.1,45.39
3395114.0,1007.79,29.1,45.81
3396186.0,1007.75,29.1,45.39
3397258.0,1007.81,29.1,45.39
3398330.0,1007.79,29.1,45.56
3399402.0,1007.81,29.1,44.89
3400474.0,1007.82,29.1,45.31
3401546.0,1007.8,29.1,45.06
3402618.0,1007.83,29.1,45.47
3403690.0,1007.85,29.1,45.31
3404762.0,1007.87,29.1,45.22
3405834.0,1007.8,29.1,45.73
3406906.0,1007.9,29.1,45.06
3407978.0,1007.85,29.1,44.64
3409050.0,1007.77,29.1,44.89
3410122.0,1007.8,29.1,45.14
3411194.0,1007.87,29.1,45.89
3412266.0,1007.79,29.1,45.39
3413338.0,1007.8,29.1,45.06
3414410.0,1007.88,29.1,45.31
3415482.0,1007.83,29.1,45.22
3416554.0,1007.82,29.1,45.39
3417626.0,1007.83,29.1,45.06
3418698.0,1007.81,29.1,44.89
3419770.0,1007.77,29.1,45.39
3420842.0,1007.86,29.1,45.56
3421914.0,1007.82,29.1,44.89
3422986.0,1007.81,29.1,45.22
3424058.0,1007.8,29.0,45.14
3425130.0,1007.81,29.0,44.97
3426202.0,1007.81,29.0,45.31
3427274.0,1007.84,29.0,45.56
3428346.0,1007.84,29.1,45.31
3429418.0,1007.87,29.0,45.39
3430490.0,1007.86,29.1,45.56
3431562.0,1007.81,29.1,45.47
3432634.0,1007.8,29.0,45.14
3433706.0,1007.81,29.1,44.97
3434778.0,1007.87,29.1,45.22
3435850.0,1007.93,29.1,45.14
3436922.0,1007.84,29.1,45.64
3437994.0,1007.83,29.1,45.22
3439066.0,1007.86,29.0,45.39
3440138.0,1007.82,29.0,44.89
3441210.0,1007.86,29.1,45.22
3442282.0,1007.82,29.0,45.06
3443354.0,1007.83,29.1,45.22
3444426.0,1007.87,29.0,45.31
3445498.0,1007.89,29.0,45.22
3446570.0,1007.8,29.0,45.14
3447642.0,1007.85,29.1,45.39
3448714.0,1007.86,29.0,44.97
3449786.0,1007.8,29.0,45.14
3450858.0,1007.79,29.0,45.47
3451930.0,1007.86,29.0,44.64
3453002.0,1007.86,29.0,44.72
3454074.0,1007.79,29.0,44.97
3455146.0,1007.84,29.0,44.81
3456218.0,1007.85,29.0,44.72
3457290.0,1007.85,29.0,45.14
3458362.0,1007.83,29.0,44.72
3459434.0,1007.9,29.0,44.14
3460506.0,1007.86,29.0,45.22
3461578.0,1007.94,29.0,44.81
3462650.0,1007.87,29.0,44.89
3463722.0,1007.83,29.0,45.22
3464794.0,1007.85,29.0,44.55
3465866.0,1007.88,29.0,45.73
3466938.0,1007.79,29.0,44.81
3468010.0,1007.81,29.0,44.97
3469082.0,1007.84,29.0,45.31
3470154.0,1007.9,29.0,45.06
3471226.0,1007.83,29.0,44.81
3472298.0,1007.88,29.0,45.22
3473370.0,1007.81,29.0,45.47
3474442.0,1007.8,29.0,45.64
3475514.0,1007.8,29.0,45.06
3476586.0,1007.85,29.0,44.89
3477658.0,1007.84,29.0,45.47
3478730.0,1007.86,29.0,44.72
3479802.0,1007.84,29.0,45.47
3480874.0,1007.81,29.0,44.89
3481946.0,1007.89,29.0,44.39
3483018.0,1007.83,29.0,45.39
3484090.0,1007.84,29.0,45.14
3485162.0,1007.91,29.0,44.64
3486234.0,1007.81,29.0,44.97
3487306.0,1007.81,29.0,44.39
3488378.0,1007.82,29.0,45.14
3489450.0,1007.83,29.0,44.47
3490522.0,1007.86,29.0,45.22
3491594.0,1007.92,29.0,44.72
3492666.0,1007.89,29.0,44.22
3493738.0,1007.87,29.0,44.81
3494810.0,1007.89,29.0,45.31
3495882.0,1007.77,29.0,45.47
3496954.0,1007.88,29.0,44.3
3498026.0,1007.83,29.0,45.06
3499098.0,1007.9,29.0,44.3
3500170.0,1007.84,29.0,45.39
3501242.0,1007.83,29.0,45.14
3502314.0,1007.94,29.0,44.89
3503386.0,1007.88,29.0,44.72
3504458.0,1007.92,29.0,44.55
3505530.0,1007.88,29.0,44.89
3506602.0,1007.83,29.0,45.22
3507674.0,1007.79,29.0,44.97
3508746.0,1007.81,29.0,45.14
3509818.0,1007.83,29.0,44.89
3510890.0,1007.81,29.0,45.39
3511962.0,1007.79,29.0,45.39
3513034.0,1007.87,29.0,45.47
3514106.0,1007.89,29.0,45.14
3515178.0,1007.85,29.0,44.47
3516250.0,1007.81,29.0,44.64
3517322.0,1007.89,29.0,44.64
3518394.0,1007.89,29.0,44.64
3519466.0,1007.81,29.0,44.72
3520538.0,1007.88,29.0,44.64
3521610.0,1007.86,29.0,45.14
3522682.0,1007.87,29.0,45.14
3523754.0,1007.76,29.0,45.64
3524826.0,1007.75,29.0,44.55
3525898.0,1007.86,29.0,45.06
3526970.0,1007.86,29.0,44.47
3528042.0,1007.86,29.0,44.55
3529114.0,1007.86,29.0,44.72
3530186.0,1007.82,29.0,44.72
3531258.0,1007.85,29.0,45.31
3532330.0,1007.92,29.0,44.97
3533402.0,1007.82,29.0,44.97
3534474.0,1007.89,29.0,44.05
3535546.0,1007.89,29.0,44.64
3536618.0,1007.84,29.0,45.47
3537690.0,1007.88,29.0,45.47
3538762.0,1007.82,29.0,44.72
3539834.0,1007.84,29.0,44.81
3540906.0,1007.76,29.0,45.22
3541978.0,1007.84,29.0,44.81
3543050.0,1007.89,29.0,44.39
3544122.0,1007.88,29.0,44.89
3545194.0,1007.89,29.0,45.14
3546266.0,1007.93,29.0,44.72
3547338.0,1007.94,29.0,44.3
3548410.0,1007.86,29.0,44.81
3549482.0,1007.86,29.0,44.72
3550554.0,1007.92,29.0,44.47
3551626.0,1007.85,29.0,44.47
3552698.0,1007.84,29.0,44.72
3553770.0,1007.83,29.0,44.55
3554842.0,1007.85,29.0,45.31
3555914.0,1007.9,29.0,44.47
3556986.0,1007.88,29.0,44.64
3558058.0,1007.91,29.0,44.72
3559130.0,1007.85,29.0,45.14
3560202.0,1007.83,29.0,45.56
3561274.0,1007.82,29.0,45.06
3562346.0,1007.86,29.0,44.81
3563418.0,1007.85,29.0,44.81
3564490.0,1007.89,29.0,44.55
3565562.0,1007.86,29.0,44.72
3566634.0,1007.91,29.0,44.97
3567706.0,1007.88,29.0,44.39
3568778.0,1007.86,29.0,44.97
3569850.0,1007.91,29.0,44.55
3570922.0,1007.91,29.0,45.14
3571994.0,1007.86,29.0,44.64
3573066.0,1007.9,29.0,44.97
3574138.0,1007.91,29.0,44.39
3575210.0,1007.88,29.0,44.89
3576282.0,1007.87,29.0,45.06
3577354.0,1007.89,29.0,45.22
3578426.0,1007.88,29.0,44.97
3579498.0,1007.84,29.0,45.06
3580570.0,1007.85,29.0,44.97
3581642.0,1007.88,29.0,44.89
3582714.0,1007.84,29.0,44.64
3583786.0,1007.92,29.0,44.81
3584858.0,1007.91,29.0,44.64
3585930.0,1007.85,29.0,44.55
3587002.0,1007.92,29.0,45.14
3588074.0,1007.88,29.0,44.72
3589146.0,1007.92,29.0,45.14
3590218.0,1007.93,29.0,44.89
3591290.0,1007.84,29.0,45.06
3592362.0,1007.91,29.0,44.89
3593434.0,1007.97,29.0,44.89
3594506.0,1007.95,29.0,44.97
3595578.0,1007.9,29.0,44.55
3596650.0,1007.8,29.0,44.89
3597722.0,1007.88,29.0,44.64
3598794.0,1007.93,29.0,44.97
3599866.0,1007.83,29.0,44.97
3600938.0,1007.88,29.0,44.55
3602010.0,1007.93,29.0,44.14
3603082.0,1007.9,29.0,44.14
3604154.0,1007.88,29.0,44.89
3605226.0,1007.86,29.0,44.89
3606298.0,1007.82,29.0,44.97
3607370.0,1007.85,29.0,45.06
3608442.0,1007.87,29.0,44.72
3609514.0,1007.95,29.0,44.39
3610586.0,1007.87,29.0,44.72
3611658.0,1007.91,29.0,44.39
3612730.0,1007.95,29.0,44.72
3613802.0,1007.88,29.0,44.22
3614874.0,1007.94,29.0,44.55
3615946.0,1007.97,29.0,44.81
3617018.0,1007.86,29.0,45.14
3618090.0,1007.91,29.0,44.22
